,00C,00D,CCC,CCD,CDC,CDD,DCC,DCD,DDC,DDD,score,type,user,treatment,self,other,radians,degrees,type_adj,score_adj,score10,score20,score30,score90,score_adj10,score_adj20,score_adj30,score_adj90,self10,other10,self20,other20,self30,other30,score40,score_adj40,self40,other40,score50,score_adj50,self50,other50,score60,score_adj60,self60,other60,score70,score_adj70,self70,other70,score80,score_adj80,self80,other80,self90,other90,score100,score_adj100,self100,other100
0,0.0,1.0,69.0,9.0,1.0,2.0,9.0,1.0,3.0,5.0,64.0,Pro-social,s3m7_usuario9,weak,2.81,2.57,0.7408180540964626,42.44574788682162,Pro-self,-28.0,0,2,-4,10,-16,0,-4,0,2.8,1.6,2.2,2.2,1.9,1.5,6,-8,3.2,2.4,10,0,3.0,3.0,10,0,3.0,3.0,10,0,3.0,3.0,10,0,3.0,3.0,3.0,3.0,10,0,3.0,3.0
1,1.0,0.0,74.0,4.0,9.0,1.0,2.0,1.0,3.0,5.0,78.0,Pro-social,s3m7_usuario18,weak,2.54,2.82,0.8375895289845522,47.990344975165385,Pro-social,31.0,6,4,-2,10,11,8,4,0,1.7,2.5,1.8,2.6,1.5,1.9,10,8,2.4,3.2,10,0,3.0,3.0,10,0,3.0,3.0,10,0,3.0,3.0,10,0,3.0,3.0,3.0,3.0,10,0,3.0,3.0
2,1.0,0.0,99.0,0.0,0.0,0.0,0.0,0.0,0.0,0.0,100.0,Pro-social,s3m7_usuario7,weak,2.97,2.97,0.7853981633974483,45.0,Pro-social,3.0,10,10,10,10,3,0,0,0,2.7,2.7,3.0,3.0,3.0,3.0,10,0,3.0,3.0,10,0,3.0,3.0,10,0,3.0,3.0,10,0,3.0,3.0,10,0,3.0,3.0,3.0,3.0,10,0,3.0,3.0
3,1.0,0.0,99.0,0.0,0.0,0.0,0.0,0.0,0.0,0.0,100.0,Pro-social,s3m7_usuario10,weak,2.97,2.97,0.7853981633974483,45.0,Pro-social,3.0,10,10,10,10,3,0,0,0,2.7,2.7,3.0,3.0,3.0,3.0,10,0,3.0,3.0,10,0,3.0,3.0,10,0,3.0,3.0,10,0,3.0,3.0,10,0,3.0,3.0,3.0,3.0,10,0,3.0,3.0
4,1.0,0.0,97.0,1.0,0.0,0.0,1.0,0.0,0.0,0.0,98.0,Pro-social,s3m7_usuario13,weak,2.98,2.94,0.7786415094616631,44.61287224584905,Pro-self,-1.0,8,10,10,10,-1,0,0,0,2.8,2.4,3.0,3.0,3.0,3.0,10,0,3.0,3.0,10,0,3.0,3.0,10,0,3.0,3.0,10,0,3.0,3.0,10,0,3.0,3.0,3.0,3.0,10,0,3.0,3.0
5,1.0,0.0,98.0,0.0,1.0,0.0,0.0,0.0,0.0,0.0,100.0,Pro-social,s3m7_usuario5,weak,2.94,2.98,0.7921548173332336,45.38712775415095,Pro-social,7.0,10,10,10,10,7,0,0,0,2.4,2.8,3.0,3.0,3.0,3.0,10,0,3.0,3.0,10,0,3.0,3.0,10,0,3.0,3.0,10,0,3.0,3.0,10,0,3.0,3.0,3.0,3.0,10,0,3.0,3.0
6,0.0,1.0,93.0,0.0,1.0,0.0,0.0,1.0,1.0,3.0,90.0,Pro-social,s3m7_usuario15,weak,2.86,2.9,0.7923424962124639,45.397880961834595,Pro-social,0.0,0,10,10,10,0,0,0,0,1.6,2.0,3.0,3.0,3.0,3.0,10,0,3.0,3.0,10,0,3.0,3.0,10,0,3.0,3.0,10,0,3.0,3.0,10,0,3.0,3.0,3.0,3.0,10,0,3.0,3.0
7,1.0,0.0,93.0,0.0,0.0,1.0,1.0,0.0,0.0,4.0,90.0,Pro-social,s3m7_usuario16,weak,2.87,2.87,0.7853981633974483,45.0,Pro-social,3.0,0,10,10,10,3,0,0,0,1.7,1.7,3.0,3.0,3.0,3.0,10,0,3.0,3.0,10,0,3.0,3.0,10,0,3.0,3.0,10,0,3.0,3.0,10,0,3.0,3.0,3.0,3.0,10,0,3.0,3.0
8,0.0,1.0,86.0,2.0,1.0,1.0,3.0,3.0,1.0,2.0,82.0,Pro-social,s3m7_usuario12,weak,2.9,2.78,0.7642745452320846,43.789705831078784,Pro-self,-16.0,-2,10,10,10,-12,0,0,0,2.3,1.5,3.0,3.0,3.0,3.0,8,-4,3.1,2.7,6,0,2.6,2.6,10,0,3.0,3.0,10,0,3.0,3.0,10,0,3.0,3.0,3.0,3.0,10,0,3.0,3.0
9,1.0,0.0,88.0,0.0,3.0,3.0,1.0,1.0,2.0,1.0,90.0,Pro-social,s3m7_usuario6,weak,2.75,2.91,0.8136591883391627,46.61923745387419,Pro-social,19.0,4,10,10,10,15,0,0,0,1.2,2.4,3.0,3.0,3.0,3.0,10,0,3.0,3.0,6,4,2.3,2.7,10,0,3.0,3.0,10,0,3.0,3.0,10,0,3.0,3.0,3.0,3.0,10,0,3.0,3.0
10,1.0,0.0,28.0,11.0,4.0,12.0,11.0,13.0,11.0,9.0,10.0,Pro-social,s3m7_usuario17,weak,2.34,1.98,0.7022569315090071,40.236358309273825,Pro-self,-33.0,0,-2,-6,10,-1,4,-4,0,2.0,1.6,1.5,1.9,1.7,1.3,2,-8,2.8,2.0,2,-8,2.8,2.0,2,4,1.9,2.3,-8,-12,2.1,0.9,10,4,2.7,3.1,3.0,3.0,0,-12,2.9,1.7
11,1.0,0.0,33.0,6.0,13.0,11.0,11.0,5.0,5.0,15.0,26.0,Pro-social,s3m7_usuario2,weak,2.02,2.3,0.8501224448130403,48.708428157130456,Pro-social,31.0,0,-4,-2,10,3,-4,4,0,1.7,1.7,1.9,1.5,1.5,1.9,6,8,2.0,2.8,6,8,2.0,2.8,0,0,2.0,2.0,-2,8,1.2,2.0,8,0,2.8,2.8,3.0,3.0,4,4,2.1,2.5
12,1.0,0.0,91.0,1.0,1.0,1.0,1.0,1.0,1.0,2.0,90.0,Pro-social,s3m7_usuario14,weak,2.87,2.87,0.7853981633974483,45.0,Pro-social,3.0,10,10,10,10,3,0,0,0,2.7,2.7,3.0,3.0,3.0,3.0,2,4,1.9,2.3,8,-4,3.1,2.7,10,0,3.0,3.0,10,0,3.0,3.0,10,0,3.0,3.0,3.0,3.0,10,0,3.0,3.0
13,1.0,0.0,91.0,1.0,1.0,1.0,0.0,2.0,2.0,1.0,90.0,Pro-social,s3m7_usuario4,weak,2.87,2.87,0.7853981633974483,45.0,Pro-social,3.0,10,10,10,10,3,0,0,0,2.7,2.7,3.0,3.0,3.0,3.0,0,-4,2.3,1.9,10,4,2.7,3.1,10,0,3.0,3.0,10,0,3.0,3.0,10,0,3.0,3.0,3.0,3.0,10,0,3.0,3.0
14,1.0,0.0,81.0,5.0,3.0,1.0,5.0,1.0,1.0,2.0,82.0,Pro-social,s3m7_usuario11,weak,2.85,2.77,0.7711642493146333,44.184456797102875,Pro-self,-5.0,4,-2,10,10,-5,0,0,0,2.7,1.9,1.8,1.8,3.0,3.0,10,0,3.0,3.0,10,0,3.0,3.0,10,0,3.0,3.0,10,0,3.0,3.0,10,0,3.0,3.0,3.0,3.0,10,0,3.0,3.0
15,1.0,0.0,86.0,0.0,4.0,2.0,1.0,3.0,1.0,2.0,86.0,Pro-social,s3m7_usuario3,weak,2.77,2.85,0.7996320774802633,45.815543202897125,Pro-social,11.0,8,-2,10,10,11,-4,4,0,1.9,2.7,2.1,1.7,2.7,3.1,10,0,3.0,3.0,10,0,3.0,3.0,10,0,3.0,3.0,10,0,3.0,3.0,10,0,3.0,3.0,3.0,3.0,10,0,3.0,3.0
16,1.0,0.0,70.0,2.0,3.0,6.0,6.0,0.0,2.0,10.0,64.0,Pro-social,s3m7_usuario8,weak,2.52,2.64,0.8086497862079113,46.332219853869645,Pro-social,15.0,2,4,6,10,3,8,0,0,1.9,1.9,1.8,2.6,2.6,2.6,0,4,1.7,2.1,2,0,2.2,2.2,10,0,3.0,3.0,10,0,3.0,3.0,10,0,3.0,3.0,3.0,3.0,10,0,3.0,3.0
17,1.0,0.0,64.0,8.0,6.0,0.0,4.0,5.0,4.0,8.0,58.0,Pro-social,s3m7_usuario1,weak,2.64,2.52,0.7621465405869854,43.66778014613036,Pro-self,-9.0,0,2,6,10,-1,-8,4,0,2.0,1.6,2.8,2.0,2.3,2.7,-4,-8,2.2,1.4,4,4,2.1,2.5,10,0,3.0,3.0,10,0,3.0,3.0,10,0,3.0,3.0,3.0,3.0,10,0,3.0,3.0
18,0.0,1.0,95.0,0.0,0.0,1.0,1.0,1.0,1.0,0.0,94.0,Pro-social,s4m8_usuario2,fix,2.93,2.93,0.7853981633974483,45.0,Pro-self,-4.0,4,10,10,10,-4,0,0,0,2.3,2.3,3.0,3.0,3.0,3.0,10,0,3.0,3.0,10,0,3.0,3.0,10,0,3.0,3.0,10,0,3.0,3.0,10,0,3.0,3.0,3.0,3.0,10,0,3.0,3.0
19,1.0,0.0,95.0,0.0,1.0,1.0,0.0,1.0,1.0,0.0,96.0,Pro-social,s4m8_usuario7,fix,2.9,2.94,0.7922473713613833,45.39243070934087,Pro-social,7.0,6,10,10,10,7,0,0,0,2.0,2.4,3.0,3.0,3.0,3.0,10,0,3.0,3.0,10,0,3.0,3.0,10,0,3.0,3.0,10,0,3.0,3.0,10,0,3.0,3.0,3.0,3.0,10,0,3.0,3.0
20,1.0,0.0,99.0,0.0,0.0,0.0,0.0,0.0,0.0,0.0,100.0,Pro-social,s4m8_usuario14,fix,2.97,2.97,0.7853981633974483,45.0,Pro-social,3.0,10,10,10,10,3,0,0,0,2.7,2.7,3.0,3.0,3.0,3.0,10,0,3.0,3.0,10,0,3.0,3.0,10,0,3.0,3.0,10,0,3.0,3.0,10,0,3.0,3.0,3.0,3.0,10,0,3.0,3.0
21,1.0,0.0,99.0,0.0,0.0,0.0,0.0,0.0,0.0,0.0,100.0,Pro-social,s4m8_usuario13,fix,2.97,2.97,0.7853981633974483,45.0,Pro-social,3.0,10,10,10,10,3,0,0,0,2.7,2.7,3.0,3.0,3.0,3.0,10,0,3.0,3.0,10,0,3.0,3.0,10,0,3.0,3.0,10,0,3.0,3.0,10,0,3.0,3.0,3.0,3.0,10,0,3.0,3.0
22,0.0,1.0,96.0,0.0,1.0,0.0,0.0,1.0,1.0,0.0,96.0,Pro-social,s4m8_usuario9,fix,2.92,2.96,0.7922007795522572,45.38976119531806,Pro-social,0.0,6,10,10,10,0,0,0,0,2.2,2.6,3.0,3.0,3.0,3.0,10,0,3.0,3.0,10,0,3.0,3.0,10,0,3.0,3.0,10,0,3.0,3.0,10,0,3.0,3.0,3.0,3.0,10,0,3.0,3.0
23,1.0,0.0,96.0,0.0,0.0,1.0,1.0,0.0,0.0,1.0,96.0,Pro-social,s4m8_usuario10,fix,2.93,2.93,0.7853981633974483,45.0,Pro-social,3.0,6,10,10,10,3,0,0,0,2.3,2.3,3.0,3.0,3.0,3.0,10,0,3.0,3.0,10,0,3.0,3.0,10,0,3.0,3.0,10,0,3.0,3.0,10,0,3.0,3.0,3.0,3.0,10,0,3.0,3.0
24,1.0,0.0,40.0,13.0,20.0,2.0,8.0,5.0,7.0,4.0,52.0,Pro-social,s4m8_usuario8,fix,2.22,2.58,0.8602580111082151,49.28915332881901,Pro-social,39.0,2,6,6,6,-9,8,12,8,2.8,1.6,2.0,2.8,1.7,2.9,8,4,2.5,2.9,0,-4,2.3,1.9,6,12,1.7,2.9,4,-8,3.0,2.2,8,8,2.2,3.0,2.0,2.8,6,8,2.0,2.8
25,1.0,0.0,53.0,0.0,1.0,12.0,11.0,11.0,1.0,10.0,34.0,Pro-social,s4m8_usuario1,fix,2.58,2.22,0.7105383156866815,40.71084667118098,Pro-self,-33.0,6,4,0,2,11,-8,-8,-8,1.7,2.5,3.0,2.2,2.6,1.8,6,-4,2.9,2.5,0,-4,2.3,1.9,2,-4,2.5,2.1,6,0,2.6,2.6,4,-4,2.7,2.3,2.8,2.0,4,-4,2.7,2.3
26,0.0,1.0,56.0,5.0,9.0,3.0,3.0,5.0,6.0,12.0,48.0,Pro-social,s4m8_usuario11,fix,2.32,2.52,0.8266969817670544,47.366247991455786,Pro-social,16.0,-2,4,-2,10,-8,12,-8,0,2.0,1.6,1.5,2.7,2.4,1.6,2,-4,2.5,2.1,0,4,1.7,2.1,6,20,1.1,3.1,10,0,3.0,3.0,10,0,3.0,3.0,3.0,3.0,10,0,3.0,3.0
27,0.0,1.0,60.0,1.0,2.0,6.0,6.0,6.0,2.0,16.0,40.0,Pro-social,s4m8_usuario4,fix,2.48,2.36,0.7606098533601486,43.579734453600956,Pro-self,-16.0,0,0,0,10,4,-8,0,0,1.3,2.1,2.6,1.8,2.0,2.0,4,4,2.1,2.5,-2,-4,2.1,1.7,-2,-12,2.7,1.5,10,0,3.0,3.0,10,0,3.0,3.0,3.0,3.0,10,0,3.0,3.0
28,0.0,1.0,0.0,0.0,3.0,3.0,0.0,2.0,3.0,88.0,-88.0,Pro-self,s4m8_usuario5,fix,0.99,1.15,0.860025669104961,49.27584111262894,Pro-social,12.0,-10,-2,-10,-10,-12,16,0,0,1.5,0.7,0.6,2.2,1.0,1.0,-8,4,0.9,1.3,-10,0,1.0,1.0,-8,4,0.9,1.3,-10,0,1.0,1.0,-10,0,1.0,1.0,1.0,1.0,-10,0,1.0,1.0
29,1.0,0.0,0.0,0.0,1.0,1.0,0.0,6.0,0.0,91.0,-96.0,Pro-self,s4m8_usuario3,fix,1.16,0.96,0.691336928769462,39.61068824002659,Pro-self,-17.0,-6,-10,-10,-10,7,-16,0,0,0.8,1.2,2.2,0.6,1.0,1.0,-10,-4,1.3,0.9,-10,0,1.0,1.0,-10,-4,1.3,0.9,-10,0,1.0,1.0,-10,0,1.0,1.0,1.0,1.0,-10,0,1.0,1.0
30,0.0,1.0,98.0,0.0,0.0,0.0,1.0,0.0,0.0,0.0,98.0,Pro-social,s4m8_usuario12,fix,2.97,2.97,0.7853981633974483,45.0,Pro-self,-4.0,8,10,10,10,-4,0,0,0,2.7,2.7,3.0,3.0,3.0,3.0,10,0,3.0,3.0,10,0,3.0,3.0,10,0,3.0,3.0,10,0,3.0,3.0,10,0,3.0,3.0,3.0,3.0,10,0,3.0,3.0
31,1.0,0.0,98.0,0.0,1.0,0.0,0.0,0.0,0.0,0.0,100.0,Pro-social,s4m8_usuario6,fix,2.94,2.98,0.7921548173332336,45.38712775415095,Pro-social,7.0,10,10,10,10,7,0,0,0,2.4,2.8,3.0,3.0,3.0,3.0,10,0,3.0,3.0,10,0,3.0,3.0,10,0,3.0,3.0,10,0,3.0,3.0,10,0,3.0,3.0,3.0,3.0,10,0,3.0,3.0
32,0.0,1.0,8.0,5.0,6.0,12.0,3.0,12.0,14.0,39.0,-38.0,Pro-self,s8n3_usuario4,fix,1.52,1.64,0.8233546085857627,47.17474411461006,Pro-social,8.0,-2,-2,0,-6,-8,4,12,4,2.0,1.6,1.5,1.9,1.1,2.3,-4,-4,1.9,1.5,-2,4,1.5,1.9,-2,0,1.8,1.8,-4,4,1.3,1.7,-6,-4,1.7,1.3,1.1,1.5,-10,-4,1.3,0.9
33,0.0,1.0,2.0,11.0,3.0,12.0,7.0,11.0,16.0,37.0,-44.0,Pro-self,s8n3_usuario9,fix,1.64,1.52,0.747441718209134,42.82525588538994,Pro-self,-16.0,0,-2,-6,-8,0,0,-12,-4,1.6,2.0,1.8,1.8,2.3,1.1,-4,0,1.6,1.6,-2,4,1.5,1.9,-4,-4,1.9,1.5,-6,-4,1.7,1.3,-4,0,1.6,1.6,1.5,1.1,-8,4,0.9,1.3
34,0.0,1.0,29.0,19.0,1.0,6.0,24.0,17.0,1.0,2.0,10.0,Pro-social,s8n3_usuario2,fix,3.11,1.75,0.5125421087601704,29.36649965469298,Pro-self,-140.0,2,4,0,4,-16,-12,-20,-12,3.0,1.8,3.3,2.1,3.5,1.5,6,-4,2.9,2.5,-2,-16,3.0,1.4,2,-12,3.1,1.9,-4,-20,3.1,1.1,-2,-12,2.7,1.5,3.3,2.1,0,-16,3.2,1.6
35,1.0,0.0,46.0,2.0,33.0,8.0,7.0,0.0,3.0,0.0,80.0,Pro-social,s8n3_usuario14,fix,1.75,3.11,1.0582542180347263,60.63350034530702,Pro-social,139.0,10,10,10,10,19,12,16,12,1.5,3.1,2.1,3.3,1.8,3.4,8,8,2.2,3.0,6,12,1.7,2.9,8,16,1.6,3.2,4,12,1.5,2.7,6,20,1.1,3.1,2.1,3.3,8,12,1.9,3.1
36,1.0,0.0,72.0,0.0,1.0,6.0,5.0,0.0,1.0,14.0,60.0,Pro-social,s8n3_usuario7,fix,2.51,2.59,0.8010831515130703,45.89868362073799,Pro-social,11.0,0,-6,-4,10,11,0,0,0,1.1,1.9,1.4,1.4,1.6,1.6,10,0,3.0,3.0,10,0,3.0,3.0,10,0,3.0,3.0,10,0,3.0,3.0,10,0,3.0,3.0,3.0,3.0,10,0,3.0,3.0
37,0.0,1.0,71.0,1.0,1.0,4.0,0.0,7.0,6.0,9.0,56.0,Pro-social,s8n3_usuario13,fix,2.58,2.54,0.7775858223373472,44.55238582913945,Pro-self,-8.0,-6,-4,-4,10,-12,0,4,0,1.9,1.1,1.6,1.6,1.3,1.7,10,0,3.0,3.0,10,0,3.0,3.0,10,0,3.0,3.0,10,0,3.0,3.0,10,0,3.0,3.0,3.0,3.0,10,0,3.0,3.0
38,0.0,1.0,0.0,0.0,2.0,2.0,0.0,0.0,2.0,93.0,-92.0,Pro-self,s8n3_usuario5,fix,0.95,1.11,0.8629124450282402,49.441241189432816,Pro-social,12.0,-8,-10,-10,-10,0,0,0,0,0.8,1.2,1.0,1.0,1.0,1.0,-10,0,1.0,1.0,-4,12,0.7,1.9,-10,0,1.0,1.0,-10,0,1.0,1.0,-10,0,1.0,1.0,1.0,1.0,-10,0,1.0,1.0
39,0.0,1.0,0.0,0.0,0.0,0.0,0.0,4.0,0.0,95.0,-100.0,Pro-self,s8n3_usuario8,fix,1.11,0.95,0.7078838817666565,40.558758810567184,Pro-self,-20.0,-10,-10,-10,-10,-8,0,0,0,1.2,0.8,1.0,1.0,1.0,1.0,-10,0,1.0,1.0,-10,-12,1.9,0.7,-10,0,1.0,1.0,-10,0,1.0,1.0,-10,0,1.0,1.0,1.0,1.0,-10,0,1.0,1.0
40,0.0,1.0,71.0,4.0,4.0,2.0,5.0,3.0,2.0,8.0,64.0,Pro-social,s8n3_usuario10,fix,2.66,2.62,0.7778225507462528,44.56594936786059,Pro-self,-8.0,-6,-2,10,8,-4,-4,0,0,1.3,1.3,2.1,1.7,3.0,3.0,8,0,2.8,2.8,8,0,2.8,2.8,10,0,3.0,3.0,10,0,3.0,3.0,8,0,2.8,2.8,2.8,2.8,10,0,3.0,3.0
41,1.0,0.0,75.0,0.0,1.0,7.0,5.0,1.0,2.0,8.0,68.0,Pro-social,s8n3_usuario17,fix,2.59,2.67,0.8006061163231853,45.87135151767836,Pro-social,11.0,-4,0,10,8,3,8,0,0,1.3,1.3,1.4,2.2,3.0,3.0,8,0,2.8,2.8,8,0,2.8,2.8,10,0,3.0,3.0,10,0,3.0,3.0,8,0,2.8,2.8,2.8,2.8,10,0,3.0,3.0
42,1.0,0.0,99.0,0.0,0.0,0.0,0.0,0.0,0.0,0.0,100.0,Pro-social,s8n3_usuario18,fix,2.97,2.97,0.7853981633974483,45.0,Pro-social,3.0,10,10,10,10,3,0,0,0,2.7,2.7,3.0,3.0,3.0,3.0,10,0,3.0,3.0,10,0,3.0,3.0,10,0,3.0,3.0,10,0,3.0,3.0,10,0,3.0,3.0,3.0,3.0,10,0,3.0,3.0
43,1.0,0.0,99.0,0.0,0.0,0.0,0.0,0.0,0.0,0.0,100.0,Pro-social,s8n3_usuario12,fix,2.97,2.97,0.7853981633974483,45.0,Pro-social,3.0,10,10,10,10,3,0,0,0,2.7,2.7,3.0,3.0,3.0,3.0,10,0,3.0,3.0,10,0,3.0,3.0,10,0,3.0,3.0,10,0,3.0,3.0,10,0,3.0,3.0,3.0,3.0,10,0,3.0,3.0
44,0.0,1.0,6.0,15.0,2.0,5.0,15.0,45.0,6.0,5.0,-42.0,Pro-self,s8n3_usuario11,fix,3.13,1.05,0.3236662608653956,18.544710718367494,Pro-self,-212.0,-2,-2,-2,2,-12,-24,-24,4,2.3,1.5,3.6,1.2,3.6,1.2,-8,-36,3.9,0.3,-8,-36,3.9,0.3,-8,-36,3.9,0.3,-6,-24,3.2,0.8,-4,-20,3.1,1.1,1.9,2.3,-4,-4,1.9,1.5
45,1.0,0.0,20.0,1.0,51.0,9.0,5.0,2.0,5.0,6.0,64.0,Pro-social,s8n3_usuario3,fix,1.02,3.14,1.2567084576677936,72.00409070275965,Pro-social,215.0,4,10,10,0,11,24,24,0,1.5,2.3,1.2,3.6,1.2,3.6,10,36,0.3,3.9,10,36,0.3,3.9,10,36,0.3,3.9,6,28,0.5,3.3,4,12,1.5,2.7,2.0,2.0,0,8,1.4,2.2
46,1.0,0.0,76.0,0.0,1.0,7.0,6.0,0.0,1.0,8.0,70.0,Pro-social,s8n3_usuario16,fix,2.61,2.69,0.8004913568165813,45.864776282290954,Pro-social,11.0,6,8,2,2,7,4,0,0,2.0,2.4,2.5,2.9,2.2,2.2,10,0,3.0,3.0,8,0,2.8,2.8,10,0,3.0,3.0,4,0,2.4,2.4,10,0,3.0,3.0,2.2,2.2,10,0,3.0,3.0
47,0.0,1.0,70.0,6.0,5.0,1.0,4.0,4.0,4.0,5.0,66.0,Pro-social,s8n3_usuario6,fix,2.68,2.64,0.7778795080851444,44.56921278299137,Pro-self,-8.0,4,6,2,2,-4,-4,0,0,2.3,2.3,2.9,2.5,2.2,2.2,10,0,3.0,3.0,8,0,2.8,2.8,10,0,3.0,3.0,4,0,2.4,2.4,10,0,3.0,3.0,2.2,2.2,10,0,3.0,3.0
48,0.0,1.0,0.0,1.0,1.0,6.0,0.0,9.0,7.0,75.0,-84.0,Pro-self,s8n3_usuario1,fix,1.21,1.13,0.7512234397812532,43.04193257076595,Pro-self,-12.0,-6,-6,-8,-10,-8,4,-4,0,1.6,1.2,1.1,1.5,1.5,1.1,-8,-4,1.5,1.1,-8,4,0.9,1.3,-10,-4,1.3,0.9,-10,0,1.0,1.0,-8,4,0.9,1.3,1.0,1.0,-10,-4,1.3,0.9
49,1.0,0.0,1.0,0.0,2.0,7.0,2.0,5.0,4.0,78.0,-80.0,Pro-self,s8n3_usuario15,fix,1.14,1.18,0.802637834591978,45.98776039963981,Pro-social,7.0,-4,-6,-6,-10,3,0,4,0,1.3,1.3,1.4,1.4,1.1,1.5,-8,0,1.2,1.2,-10,-4,1.3,0.9,-8,4,0.9,1.3,-10,0,1.0,1.0,-10,-4,1.3,0.9,1.0,1.0,-8,4,0.9,1.3
50,0.0,1.0,42.0,12.0,7.0,6.0,7.0,12.0,12.0,1.0,36.0,Pro-social,s9n3_usuario14,fix,2.5,2.3,0.7437555842988598,42.61405596961119,Pro-self,-24.0,-2,0,0,10,-16,-4,0,0,2.6,1.4,2.3,1.9,2.0,2.0,0,0,2.0,2.0,2,-4,2.5,2.1,4,0,2.4,2.4,4,4,2.1,2.5,8,-4,3.1,2.7,3.0,3.0,10,0,3.0,3.0
51,1.0,0.0,46.0,8.0,9.0,10.0,8.0,5.0,10.0,3.0,48.0,Pro-social,s9n3_usuario8,fix,2.27,2.51,0.8355652402515872,47.8743617742506,Pro-social,27.0,4,4,-2,10,11,8,-4,0,1.5,2.3,1.8,2.6,2.1,1.7,2,8,1.6,2.4,4,0,2.4,2.4,2,0,2.2,2.2,4,-4,2.7,2.3,10,8,2.4,3.2,3.0,3.0,10,0,3.0,3.0
52,0.0,1.0,0.0,2.0,1.0,3.0,3.0,11.0,2.0,77.0,-88.0,Pro-self,s9n3_usuario6,fix,1.41,1.01,0.6215899677536474,35.61448173995693,Pro-self,-44.0,-2,-8,-8,-10,-12,-4,0,0,2.3,1.5,1.5,1.1,1.2,1.2,-10,-16,2.2,0.6,-10,0,1.0,1.0,-10,0,1.0,1.0,-10,0,1.0,1.0,-10,0,1.0,1.0,1.0,1.0,-10,-12,1.9,0.7
53,1.0,0.0,2.0,0.0,9.0,5.0,2.0,2.0,3.0,76.0,-66.0,Pro-self,s9n3_usuario12,fix,1.01,1.41,0.9492063590412492,54.385518260043064,Pro-social,43.0,4,-6,-10,-10,11,4,-4,0,1.5,2.3,1.1,1.5,1.3,0.9,-2,16,0.6,2.2,-10,0,1.0,1.0,-10,0,1.0,1.0,-10,0,1.0,1.0,-10,0,1.0,1.0,1.0,1.0,-2,16,0.6,2.2
54,1.0,0.0,99.0,0.0,0.0,0.0,0.0,0.0,0.0,0.0,100.0,Pro-social,s9n3_usuario7,fix,2.97,2.97,0.7853981633974483,45.0,Pro-social,3.0,10,10,10,10,3,0,0,0,2.7,2.7,3.0,3.0,3.0,3.0,10,0,3.0,3.0,10,0,3.0,3.0,10,0,3.0,3.0,10,0,3.0,3.0,10,0,3.0,3.0,3.0,3.0,10,0,3.0,3.0
55,1.0,0.0,99.0,0.0,0.0,0.0,0.0,0.0,0.0,0.0,100.0,Pro-social,s9n3_usuario4,fix,2.97,2.97,0.7853981633974483,45.0,Pro-social,3.0,10,10,10,10,3,0,0,0,2.7,2.7,3.0,3.0,3.0,3.0,10,0,3.0,3.0,10,0,3.0,3.0,10,0,3.0,3.0,10,0,3.0,3.0,10,0,3.0,3.0,3.0,3.0,10,0,3.0,3.0
56,1.0,0.0,35.0,0.0,24.0,8.0,6.0,5.0,2.0,19.0,36.0,Pro-social,s9n3_usuario3,fix,1.7,2.54,0.9809788432072748,56.20594750740258,Pro-social,87.0,4,0,-4,10,7,8,4,4,1.8,2.2,1.4,2.2,1.3,1.7,2,16,1.0,2.6,-2,8,1.2,2.0,-4,4,1.3,1.7,10,20,1.5,3.5,10,12,2.1,3.3,2.7,3.1,10,4,2.7,3.1
57,1.0,0.0,28.0,7.0,1.0,10.0,9.0,23.0,8.0,13.0,-6.0,Pro-self,s9n3_usuario2,fix,2.54,1.7,0.5898174835876218,33.79405249259743,Pro-self,-81.0,0,-4,-4,8,-5,-12,0,-4,2.3,1.5,2.5,1.3,1.6,1.6,-8,-20,2.7,0.7,-6,-8,2.0,1.2,-6,0,1.4,1.4,2,-16,3.4,1.8,4,-12,3.3,2.1,3.1,2.7,8,-4,3.1,2.7
58,0.0,1.0,4.0,3.0,2.0,7.0,4.0,6.0,6.0,67.0,-68.0,Pro-self,s9n3_usuario9,fix,1.34,1.3,0.7702478075226785,44.13194855025446,Pro-self,-8.0,0,-4,-8,-10,-4,0,-8,0,1.9,1.9,1.6,1.6,1.8,1.0,-10,0,1.0,1.0,-6,-4,1.7,1.3,-6,-4,1.7,1.3,-8,4,0.9,1.3,-6,8,0.8,1.6,1.0,1.0,-10,0,1.0,1.0
59,0.0,1.0,5.0,2.0,5.0,5.0,0.0,9.0,7.0,66.0,-66.0,Pro-self,s9n3_usuario11,fix,1.3,1.34,0.8005485192722182,45.86805144974554,Pro-social,0.0,2,-6,-4,-10,4,-8,8,0,1.5,2.3,2.0,1.2,1.0,1.8,-8,4,0.9,1.3,-4,8,1.0,1.8,-6,-4,1.7,1.3,-10,-4,1.3,0.9,-10,-8,1.6,0.8,1.0,1.0,-10,0,1.0,1.0
60,1.0,0.0,7.0,0.0,10.0,7.0,2.0,4.0,5.0,64.0,-50.0,Pro-self,s9n3_usuario16,fix,1.14,1.58,0.9457736073733991,54.188836077358765,Pro-social,47.0,-8,-8,2,-4,-5,4,20,12,1.5,0.7,0.9,1.3,0.7,2.7,-8,4,0.9,1.3,-8,4,0.9,1.3,-2,16,0.6,2.2,-10,0,1.0,1.0,-10,0,1.0,1.0,0.7,1.9,6,-8,3.2,2.4
61,0.0,1.0,7.0,0.0,3.0,3.0,2.0,15.0,2.0,67.0,-72.0,Pro-self,s9n3_usuario15,fix,1.57,1.17,0.6404367670059468,36.694323794444,Pro-self,-44.0,-6,-10,-8,-8,0,-4,-20,-8,1.0,1.4,1.3,0.9,2.7,0.7,-10,-4,1.3,0.9,-10,0,1.0,1.0,-10,-20,2.5,0.5,-10,0,1.0,1.0,-10,0,1.0,1.0,1.8,1.0,10,12,2.1,3.3
62,1.0,0.0,0.0,1.0,2.0,4.0,1.0,9.0,3.0,79.0,-86.0,Pro-self,s9n3_usuario18,fix,1.26,1.06,0.6994038722032075,40.072890052350985,Pro-self,-17.0,-2,-10,-10,-10,-1,-4,0,-8,1.8,1.4,1.3,0.9,1.0,1.0,-10,0,1.0,1.0,-10,0,1.0,1.0,-4,12,0.7,1.9,-10,0,1.0,1.0,-10,0,1.0,1.0,1.6,0.8,-10,-16,2.2,0.6
63,1.0,0.0,1.0,0.0,5.0,5.0,1.0,5.0,4.0,78.0,-76.0,Pro-self,s9n3_usuario1,fix,1.09,1.25,0.8536679704542759,48.91157181252866,Pro-social,19.0,-2,-8,-10,-6,-1,4,0,8,1.8,1.4,0.9,1.3,1.0,1.0,-10,0,1.0,1.0,-10,0,1.0,1.0,-10,-12,1.9,0.7,-10,0,1.0,1.0,-10,0,1.0,1.0,0.8,1.6,0,20,0.5,2.5
64,0.0,1.0,32.0,0.0,57.0,2.0,0.0,1.0,3.0,4.0,84.0,Pro-social,s9n3_usuario17,fix,1.06,3.42,1.2702440100043313,72.7796207250217,Pro-social,232.0,-2,6,10,10,8,20,24,28,0.8,2.0,1.1,3.1,1.2,3.6,10,24,1.2,3.6,10,20,1.5,3.5,10,28,0.9,3.7,10,24,1.2,3.6,10,28,0.9,3.7,0.9,3.7,10,28,0.9,3.7
65,0.0,1.0,15.0,17.0,0.0,1.0,17.0,42.0,1.0,6.0,-34.0,Pro-self,s9n3_usuario5,fix,3.39,1.07,0.3057376882912907,17.517479177177282,Pro-self,-236.0,-8,-2,-4,-6,-12,-16,-28,-32,1.7,0.9,3.0,1.4,3.7,0.9,-2,-24,3.6,1.2,0,-20,3.5,1.5,-4,-28,3.7,0.9,0,-20,3.5,1.5,-4,-28,3.7,0.9,3.8,0.6,-4,-28,3.7,0.9
66,0.0,1.0,54.0,2.0,5.0,5.0,4.0,6.0,4.0,19.0,34.0,Pro-social,s9n3_usuario13,fix,2.3,2.34,0.7940186395095847,45.493916898618764,Pro-social,0.0,0,-6,-6,10,0,4,0,0,1.6,2.0,1.1,1.5,1.4,1.4,-4,4,1.3,1.7,0,-8,2.6,1.8,10,0,3.0,3.0,10,0,3.0,3.0,10,0,3.0,3.0,3.0,3.0,10,0,3.0,3.0
67,0.0,1.0,56.0,0.0,3.0,7.0,1.0,9.0,7.0,16.0,34.0,Pro-social,s9n3_usuario10,fix,2.3,2.34,0.7940186395095847,45.493916898618764,Pro-social,0.0,-2,-8,-6,10,-4,-8,0,0,1.7,1.7,1.8,1.0,1.4,1.4,-4,0,1.6,1.6,4,12,1.5,2.7,10,0,3.0,3.0,10,0,3.0,3.0,10,0,3.0,3.0,3.0,3.0,10,0,3.0,3.0
68,1.0,0.0,25.0,1.0,1.0,2.0,1.0,6.0,2.0,61.0,-40.0,Pro-self,s10n5_usuario5,fix,1.69,1.53,0.7357495570088421,42.155344395226614,Pro-self,-13.0,-2,-8,-10,10,-9,0,-8,0,2.4,1.2,1.2,1.2,1.6,0.8,-10,0,1.0,1.0,-10,-4,1.3,0.9,-10,0,1.0,1.0,-10,0,1.0,1.0,0,8,1.4,2.2,3.0,3.0,10,0,3.0,3.0
69,1.0,0.0,26.0,0.0,1.0,6.0,3.0,0.0,3.0,60.0,-32.0,Pro-self,s10n5_usuario6,fix,1.53,1.69,0.8350467697860545,47.84465560477339,Pro-social,19.0,2,-8,-6,10,7,0,8,0,1.6,2.0,1.2,1.2,0.8,1.6,-10,0,1.0,1.0,-8,4,0.9,1.3,-10,0,1.0,1.0,-10,0,1.0,1.0,-2,0,1.8,1.8,3.0,3.0,10,0,3.0,3.0
70,1.0,0.0,24.0,1.0,30.0,13.0,3.0,8.0,11.0,9.0,38.0,Pro-social,s10n5_usuario8,fix,1.39,2.67,1.0908054479473754,62.49854843726182,Pro-social,131.0,8,6,2,2,11,16,8,8,1.9,2.7,1.4,3.0,1.6,2.4,2,12,1.3,2.5,8,24,1.0,3.4,0,16,0.8,2.4,0,4,1.7,2.1,10,20,1.5,3.5,1.6,2.4,0,12,1.1,2.3
71,1.0,0.0,14.0,11.0,4.0,7.0,10.0,33.0,7.0,13.0,-28.0,Pro-self,s10n5_usuario2,fix,2.68,1.36,0.46959991965539777,26.906093455936844,Pro-self,-129.0,2,-2,0,-4,-9,-20,0,-16,2.8,1.6,3.3,1.3,2.0,2.0,-6,-20,2.9,0.9,-4,-24,3.4,1.0,-6,-8,2.0,1.2,-4,-8,2.2,1.4,2,-16,3.4,1.8,2.8,1.2,-6,-8,2.0,1.2
72,0.0,1.0,93.0,1.0,2.0,0.0,1.0,1.0,1.0,0.0,94.0,Pro-social,s10n5_usuario4,fix,2.9,2.94,0.7922473713613833,45.39243070934087,Pro-social,0.0,4,10,10,10,0,0,0,0,2.0,2.4,3.0,3.0,3.0,3.0,10,0,3.0,3.0,10,0,3.0,3.0,10,0,3.0,3.0,10,0,3.0,3.0,10,0,3.0,3.0,3.0,3.0,10,0,3.0,3.0
73,1.0,0.0,94.0,0.0,0.0,2.0,2.0,0.0,0.0,1.0,94.0,Pro-social,s10n5_usuario3,fix,2.91,2.91,0.7853981633974483,45.0,Pro-social,3.0,4,10,10,10,3,0,0,0,2.1,2.1,3.0,3.0,3.0,3.0,10,0,3.0,3.0,10,0,3.0,3.0,10,0,3.0,3.0,10,0,3.0,3.0,10,0,3.0,3.0,3.0,3.0,10,0,3.0,3.0
74,1.0,0.0,3.0,0.0,13.0,13.0,5.0,4.0,7.0,54.0,-42.0,Pro-self,s10n5_usuario7,fix,1.07,1.71,1.0116715254250837,57.96450866041925,Pro-social,67.0,0,-2,-4,-8,7,8,8,0,1.4,1.8,1.2,2.0,1.0,1.8,-2,12,0.9,2.1,-2,12,0.9,2.1,-10,0,1.0,1.0,-4,12,0.7,1.9,-6,4,1.1,1.5,1.2,1.2,-4,4,1.3,1.7
75,0.0,1.0,1.0,2.0,1.0,8.0,5.0,21.0,5.0,56.0,-76.0,Pro-self,s10n5_usuario1,fix,1.74,1.06,0.5471534052187033,31.34958086524301,Pro-self,-72.0,-4,-4,-10,-6,-8,-8,-12,8,1.8,1.4,2.2,1.4,1.9,0.7,-6,-8,2.0,1.2,-10,-16,2.2,0.6,-10,0,1.0,1.0,-10,-8,1.6,0.8,-8,-8,1.8,1.0,0.8,1.6,-8,-12,2.1,0.9
76,0.0,1.0,21.0,1.0,6.0,20.0,1.0,22.0,20.0,8.0,-4.0,Pro-self,s5m20_usuario1,changing,1.86,1.98,0.8166379968277165,46.78991060824607,Pro-social,8.0,4,-4,4,-2,0,-12,16,-4,2.0,2.4,2.5,1.3,1.2,2.8,0,0,2.0,2.0,4,16,1.2,2.8,0,0,2.0,2.0,-6,-12,2.3,1.1,-4,-8,2.2,1.4,2.1,1.7,0,12,1.1,2.3
77,1.0,0.0,2.0,5.0,4.0,7.0,4.0,34.0,7.0,36.0,-64.0,Pro-self,s5m20_usuario2,changing,2.17,1.05,0.45066132608063364,25.820991974189283,Pro-self,-109.0,4,0,-8,-10,7,0,-20,-20,1.8,2.2,2.0,2.0,2.7,0.7,-10,-20,2.5,0.5,-8,-4,1.5,1.1,-6,-4,1.7,1.3,-8,-8,1.8,1.0,-8,-8,1.8,1.0,2.5,0.5,-10,-32,3.4,0.2
78,0.0,1.0,22.0,0.0,34.0,9.0,8.0,4.0,2.0,20.0,32.0,Pro-social,s5m20_usuario3,changing,1.35,2.63,1.0965590985233504,62.8282083320582,Pro-social,124.0,-8,-4,2,10,-8,4,8,8,1.4,1.0,1.3,1.7,1.6,2.4,4,20,0.9,2.9,-4,4,1.3,1.7,4,12,1.5,2.7,10,24,1.2,3.6,8,28,0.7,3.5,2.4,3.2,10,24,1.2,3.6
79,1.0,0.0,16.0,0.0,1.0,24.0,21.0,2.0,3.0,32.0,-16.0,Pro-self,s5m20_usuario4,changing,1.75,1.83,0.8077408135975844,46.280139559604926,Pro-social,11.0,0,-2,-2,4,3,8,0,0,1.7,1.7,1.2,2.0,1.8,1.8,0,0,2.0,2.0,-6,0,1.4,1.4,0,0,2.0,2.0,-2,0,1.8,1.8,-6,0,1.4,1.4,2.4,2.4,-2,0,1.8,1.8
80,0.0,1.0,27.0,1.0,15.0,15.0,8.0,3.0,9.0,21.0,18.0,Pro-social,s5m20_usuario5,changing,1.57,2.37,0.98572054415827,56.47762695960777,Pro-social,76.0,4,-2,8,2,8,8,20,4,1.4,2.6,1.2,2.0,1.3,3.3,-2,8,1.2,2.0,-2,0,1.8,1.8,0,0,2.0,2.0,-2,0,1.8,1.8,2,4,1.9,2.3,1.9,2.3,10,24,1.2,3.6
81,0.0,1.0,1.0,0.0,0.0,2.0,2.0,43.0,0.0,51.0,-94.0,Pro-self,s5m20_usuario6,changing,2.34,0.62,0.25900579917102823,14.839939161912913,Pro-self,-176.0,-4,-10,-10,-10,-8,-24,-20,-16,1.8,1.4,2.8,0.4,2.5,0.5,-10,-16,2.2,0.6,-10,-24,2.8,0.4,-10,-24,2.8,0.4,-10,-24,2.8,0.4,-10,-4,1.3,0.9,2.2,0.6,-10,-16,2.2,0.6
82,1.0,0.0,27.0,0.0,52.0,5.0,2.0,1.0,3.0,9.0,70.0,Pro-social,s5m20_usuario7,changing,1.05,3.21,1.2546636908232096,71.8869341924767,Pro-social,219.0,6,6,8,10,23,20,20,28,0.8,2.8,1.1,3.1,1.3,3.3,10,32,0.6,3.8,-8,4,0.9,1.3,8,20,1.3,3.3,10,24,1.2,3.6,10,20,1.5,3.5,0.9,3.7,10,28,0.9,3.7
83,1.0,0.0,27.0,0.0,24.0,14.0,7.0,8.0,7.0,12.0,32.0,Pro-social,s5m20_usuario8,changing,1.6,2.52,1.005094858138719,57.5876933816488,Pro-social,95.0,0,-4,0,6,-5,4,8,8,2.3,1.5,1.3,1.7,1.4,2.2,-2,4,1.5,1.9,-4,4,1.3,1.7,6,16,1.4,3.0,10,20,1.5,3.5,10,20,1.5,3.5,2.0,2.8,10,16,1.8,3.4
84,0.0,1.0,5.0,3.0,2.0,17.0,0.0,25.0,20.0,27.0,-46.0,Pro-self,s5m20_usuario9,changing,1.71,1.47,0.7100692725691082,40.68397248013438,Pro-self,-28.0,2,-6,-8,-4,4,-4,-12,0,1.5,2.3,1.7,1.3,2.1,0.9,-6,0,1.4,1.4,-4,4,1.3,1.7,-4,-4,1.9,1.5,-4,4,1.3,1.7,-4,0,1.6,1.6,1.6,1.6,-8,-20,2.7,0.7
85,0.0,1.0,5.0,5.0,6.0,13.0,2.0,28.0,17.0,23.0,-40.0,Pro-self,s5m20_usuario10,changing,1.89,1.49,0.6676028415268624,38.25082521043035,Pro-self,-44.0,-4,-6,0,-4,-16,-16,4,-8,2.4,1.2,2.6,1.0,1.7,2.1,-6,-8,2.0,1.2,-4,-4,1.9,1.5,-6,-4,1.7,1.3,-2,8,1.2,2.0,-4,4,1.3,1.7,2.2,1.4,-4,-4,1.9,1.5
86,0.0,1.0,0.0,1.0,0.0,2.0,2.0,36.0,1.0,57.0,-94.0,Pro-self,s5m20_usuario11,changing,2.13,0.69,0.3132761809936716,17.94940299291388,Pro-self,-148.0,-4,-10,-10,-10,-4,-16,-12,-12,1.5,1.5,2.2,0.6,1.9,0.7,-10,-20,2.5,0.5,-10,-12,1.9,0.7,-10,-12,1.9,0.7,-10,-16,2.2,0.6,-10,-20,2.5,0.5,1.9,0.7,-10,-24,2.8,0.4
87,0.0,1.0,0.0,0.0,0.0,1.0,0.0,36.0,1.0,61.0,-98.0,Pro-self,s5m20_usuario12,changing,2.06,0.66,0.31005518123095327,17.764853300697478,Pro-self,-144.0,-8,-10,-10,-10,-8,-20,-12,-16,1.4,1.0,2.5,0.5,1.9,0.7,-10,-8,1.6,0.8,-10,-4,1.3,0.9,-10,-20,2.5,0.5,-10,-20,2.5,0.5,-10,-12,1.9,0.7,2.2,0.6,-10,-24,2.8,0.4
88,1.0,0.0,34.0,0.0,52.0,3.0,3.0,2.0,0.0,5.0,80.0,Pro-social,s5m20_usuario13,changing,1.27,3.27,1.2003478423813374,68.7748653160852,Pro-social,203.0,10,10,10,10,15,28,24,16,1.8,3.0,0.9,3.7,1.2,3.6,0,16,0.8,2.4,0,0,2.0,2.0,10,32,0.6,3.8,10,20,1.5,3.5,10,24,1.2,3.6,1.8,3.4,10,28,0.9,3.7
89,0.0,1.0,8.0,0.0,5.0,7.0,1.0,33.0,6.0,39.0,-60.0,Pro-self,s5m20_usuario14,changing,2.05,1.17,0.5186206282202724,29.71477316544497,Pro-self,-92.0,-10,-10,-10,0,-24,-12,-20,-4,2.4,0.4,1.9,0.7,2.5,0.5,-10,-8,1.6,0.8,-8,-4,1.5,1.1,-6,-12,2.3,1.1,4,8,1.8,2.6,-6,-12,2.3,1.1,2.3,1.9,-4,-4,1.9,1.5
90,1.0,0.0,3.0,2.0,2.0,1.0,0.0,34.0,2.0,55.0,-84.0,Pro-self,s5m20_usuario15,changing,2.09,0.81,0.36973628817126203,21.184328845046096,Pro-self,-125.0,0,-4,-10,-10,3,-4,-24,-20,1.7,1.7,1.9,1.5,2.8,0.4,-10,-8,1.6,0.8,-10,-4,1.3,0.9,-10,-12,1.9,0.7,-10,-12,1.9,0.7,-10,-20,2.5,0.5,2.5,0.5,-10,-24,2.8,0.4
91,1.0,0.0,23.0,0.0,5.0,11.0,2.0,16.0,9.0,33.0,-20.0,Pro-self,s5m20_usuario16,changing,1.83,1.75,0.7630555131973122,43.71986044039508,Pro-self,-5.0,6,-6,2,-4,3,-4,4,4,2.3,2.3,1.7,1.3,1.9,2.3,-8,-4,1.5,1.1,-4,8,1.0,1.8,0,0,2.0,2.0,-4,-16,2.8,1.2,-6,0,1.4,1.4,1.3,1.7,4,0,2.4,2.4
92,0.0,1.0,21.0,0.0,27.0,7.0,6.0,9.0,2.0,27.0,12.0,Pro-social,s5m20_usuario17,changing,1.51,2.31,0.9918387027083351,56.82817162291837,Pro-social,76.0,-2,8,4,10,-8,12,12,24,2.0,1.6,1.9,3.1,1.5,2.7,-2,0,1.8,1.8,-4,8,1.0,1.8,0,12,1.1,2.3,-8,-8,1.8,1.0,-4,8,1.0,1.8,1.2,3.6,10,16,1.8,3.4
93,1.0,0.0,8.0,2.0,18.0,13.0,3.0,16.0,11.0,28.0,-18.0,Pro-self,s5m20_usuario18,changing,1.46,1.9,0.9156096063618446,52.460566126168345,Pro-social,47.0,0,-2,2,4,3,4,16,16,1.7,1.7,1.5,1.9,1.0,2.6,-4,4,1.3,1.7,2,12,1.3,2.5,-4,12,0.7,1.9,-2,4,1.5,1.9,-10,-24,2.8,0.4,1.2,2.8,-4,0,1.6,1.6
94,1.0,0.0,5.0,9.0,15.0,13.0,6.0,7.0,16.0,28.0,-14.0,Pro-self,s6m22_usuario1,changing,1.38,1.98,0.962107019467485,55.12467165539782,Pro-social,63.0,2,0,-2,0,11,0,0,12,1.3,2.1,2.0,2.0,1.8,1.8,0,8,1.4,2.2,-4,8,1.0,1.8,-2,4,1.5,1.9,0,12,1.1,2.3,-6,0,1.4,1.4,1.1,2.3,-2,8,1.2,2.0
95,0.0,1.0,0.0,0.0,0.0,0.0,0.0,29.0,0.0,70.0,-100.0,Pro-self,s6m22_usuario2,changing,1.86,0.7,0.35994852602740596,20.623531383325226,Pro-self,-120.0,-10,-10,-10,-10,-20,-8,-16,-8,2.1,0.5,1.6,0.8,2.2,0.6,-10,-20,2.5,0.5,-10,-20,2.5,0.5,-10,-8,1.6,0.8,-10,0,1.0,1.0,-10,-8,1.6,0.8,1.6,0.8,-10,-12,1.9,0.7
96,0.0,1.0,1.0,0.0,0.0,4.0,0.0,25.0,4.0,65.0,-90.0,Pro-self,s6m22_usuario3,changing,1.72,0.88,0.47290660366292925,27.095552493751804,Pro-self,-88.0,-4,-10,-8,-10,-4,-8,0,-12,1.5,1.5,1.6,0.8,1.2,1.2,-10,-16,2.2,0.6,-10,-4,1.3,0.9,-10,-4,1.3,0.9,-10,-20,2.5,0.5,-10,-16,2.2,0.6,1.9,0.7,-8,-4,1.5,1.1
97,0.0,1.0,8.0,7.0,20.0,15.0,1.0,6.0,22.0,20.0,2.0,Pro-social,s6m22_usuario4,changing,1.14,2.3,1.110633024251232,63.63458487744639,Pro-social,112.0,2,-2,0,-2,4,12,12,4,1.5,2.3,0.9,2.1,1.1,2.3,2,16,1.0,2.6,-2,4,1.5,1.9,2,20,0.7,2.7,-2,0,1.8,1.8,2,16,1.0,2.6,1.5,1.9,2,24,0.4,2.8
98,1.0,0.0,0.0,0.0,0.0,7.0,0.0,25.0,6.0,61.0,-86.0,Pro-self,s6m22_usuario5,changing,1.68,0.92,0.5010133868035895,28.705952543401093,Pro-self,-73.0,-4,-6,-8,-10,3,0,-8,-16,1.3,1.3,1.4,1.4,1.8,1.0,-8,0,1.2,1.2,-10,-12,1.9,0.7,-10,-12,1.9,0.7,-10,-12,1.9,0.7,-10,-4,1.3,0.9,2.2,0.6,-10,-12,1.9,0.7
99,1.0,0.0,10.0,0.0,16.0,14.0,10.0,8.0,3.0,38.0,-20.0,Pro-self,s6m22_usuario6,changing,1.44,1.88,0.9171604298753748,52.54942176826327,Pro-social,47.0,2,-4,-4,-4,11,-8,4,8,1.3,2.1,2.2,1.4,1.3,1.7,-6,-4,1.7,1.3,-4,0,1.6,1.6,-2,8,1.2,2.0,10,28,0.9,3.7,-8,-4,1.5,1.1,1.0,1.8,0,4,1.7,2.1
100,1.0,0.0,3.0,0.0,0.0,10.0,8.0,19.0,1.0,58.0,-74.0,Pro-self,s6m22_usuario7,changing,1.77,1.05,0.5354195419366258,30.677280021796445,Pro-self,-69.0,-4,-4,-8,-10,-5,0,-12,-8,1.9,1.1,1.6,1.6,2.1,0.9,-8,-4,1.5,1.1,-6,-8,2.0,1.2,-10,-16,2.2,0.6,-6,-8,2.0,1.2,-8,0,1.2,1.2,1.6,0.8,-10,-8,1.6,0.8
101,1.0,0.0,24.0,0.0,69.0,3.0,1.0,0.0,2.0,0.0,94.0,Pro-social,s6m22_usuario8,changing,0.78,3.62,1.3585713456206703,77.84040427147349,Pro-social,287.0,10,8,10,6,27,28,36,20,0.9,3.3,0.7,3.5,0.3,3.9,10,36,0.3,3.9,10,24,1.2,3.6,10,32,0.6,3.8,10,20,1.5,3.5,10,28,0.9,3.7,1.1,3.1,10,36,0.3,3.9
102,0.0,1.0,10.0,8.0,14.0,23.0,8.0,3.0,23.0,10.0,10.0,Pro-social,s6m22_usuario9,changing,1.31,2.35,1.0622537800849945,60.86265837068809,Pro-social,100.0,2,2,2,0,12,8,16,12,0.9,2.5,1.6,2.4,1.0,2.6,0,16,0.8,2.4,2,12,1.3,2.5,2,4,1.9,2.3,0,-4,2.3,1.9,2,20,0.7,2.7,1.1,2.3,-2,4,1.5,1.9
103,0.0,1.0,7.0,0.0,6.0,5.0,5.0,24.0,0.0,52.0,-64.0,Pro-self,s6m22_usuario10,changing,1.89,1.17,0.5543074962015513,31.7594800848128,Pro-self,-76.0,-10,-10,-10,-10,-24,-4,-12,-4,2.4,0.4,1.3,0.9,1.9,0.7,-8,-16,2.4,0.8,0,8,1.4,2.2,-6,-12,2.3,1.1,6,8,2.0,2.8,-6,-8,2.0,1.2,1.3,0.9,-10,-12,1.9,0.7
104,0.0,1.0,14.0,4.0,37.0,13.0,6.0,3.0,11.0,11.0,36.0,Pro-social,s6m22_usuario11,changing,1.12,2.76,1.1853024598655673,67.91282839677166,Pro-social,160.0,-4,6,4,2,4,16,12,20,0.9,1.7,1.4,3.0,1.5,2.7,6,24,0.8,3.2,10,32,0.6,3.8,-2,4,1.5,1.9,4,20,0.9,2.9,6,12,1.7,2.9,0.7,2.7,4,16,1.2,2.8
105,0.0,1.0,1.0,4.0,4.0,7.0,2.0,20.0,9.0,52.0,-68.0,Pro-self,s6m22_usuario12,changing,1.64,1.2,0.6316906343389693,36.1932073055647,Pro-self,-48.0,-4,-8,-4,-6,-16,-8,4,0,2.4,1.2,1.8,1.0,1.3,1.7,-8,-4,1.5,1.1,-8,-16,2.4,0.8,-6,0,1.4,1.4,-8,-4,1.5,1.1,-6,0,1.4,1.4,1.4,1.4,-10,-4,1.3,0.9
106,1.0,0.0,2.0,1.0,1.0,6.0,2.0,23.0,4.0,60.0,-80.0,Pro-self,s6m22_usuario13,changing,1.74,0.98,0.5129350139936566,29.38901146632034,Pro-self,-73.0,-4,-4,-8,-8,-1,0,-12,-12,1.6,1.2,1.6,1.6,2.1,0.9,-10,-4,1.3,0.9,-6,0,1.4,1.4,-10,-12,1.9,0.7,-10,-16,2.2,0.6,-10,0,1.0,1.0,2.1,0.9,-10,-16,2.2,0.6
107,0.0,1.0,1.0,3.0,0.0,4.0,5.0,22.0,2.0,62.0,-84.0,Pro-self,s6m22_usuario14,changing,1.84,0.92,0.46364760900080615,26.56505117707799,Pro-self,-96.0,-10,-10,-8,-8,-16,-20,0,-4,1.8,0.6,2.5,0.5,1.2,1.2,-6,-8,2.0,1.2,-10,-8,1.6,0.8,-8,-12,2.1,0.9,-6,-12,2.3,1.1,-8,-12,2.1,0.9,1.5,1.1,-10,-4,1.3,0.9
108,1.0,0.0,4.0,0.0,2.0,6.0,2.0,20.0,3.0,62.0,-76.0,Pro-self,s6m22_usuario15,changing,1.66,1.06,0.5682868486625432,32.560437981153456,Pro-self,-57.0,-2,-6,-10,-10,7,-8,-12,-12,1.2,1.6,2.0,1.2,1.9,0.7,-8,-8,1.8,1.0,-10,-8,1.6,0.8,0,12,1.1,2.3,-10,-8,1.6,0.8,-10,-20,2.5,0.5,1.9,0.7,-10,0,1.0,1.0
109,0.0,1.0,0.0,0.0,0.0,1.0,0.0,25.0,1.0,72.0,-98.0,Pro-self,s6m22_usuario16,changing,1.73,0.77,0.41876052255733404,23.993210569228147,Pro-self,-100.0,-10,-10,-8,-10,-16,-8,-4,-8,1.8,0.6,1.6,0.8,1.5,1.1,-10,-8,1.6,0.8,-10,-16,2.2,0.6,-10,-8,1.6,0.8,-10,-12,1.9,0.7,-10,-4,1.3,0.9,1.6,0.8,-10,-16,2.2,0.6
110,0.0,1.0,7.0,4.0,38.0,4.0,3.0,9.0,6.0,28.0,8.0,Pro-social,s7m22_usuario1,changing,1.14,2.38,1.1240962476004954,64.40597075400117,Pro-social,120.0,-2,4,-2,-4,4,16,-4,4,1.1,1.9,1.2,2.8,2.1,1.7,2,16,1.0,2.6,4,16,1.2,2.8,-4,0,1.6,1.6,4,24,0.6,3.0,-4,8,1.0,1.8,1.3,1.7,10,36,0.3,3.9
111,1.0,0.0,12.0,0.0,21.0,5.0,1.0,11.0,3.0,46.0,-24.0,Pro-self,s7m22_usuario2,changing,1.34,1.86,0.9464900679350288,54.22988624372771,Pro-social,55.0,2,6,10,-10,15,20,28,-4,1.0,2.2,1.1,3.1,0.9,3.7,10,28,0.9,3.7,-2,0,1.8,1.8,-10,-4,1.3,0.9,-10,-12,1.9,0.7,-10,0,1.0,1.0,1.3,0.9,-10,-16,2.2,0.6
112,1.0,0.0,10.0,0.0,18.0,11.0,4.0,13.0,6.0,37.0,-22.0,Pro-self,s7m22_usuario3,changing,1.42,1.86,0.9187484175690007,52.64040676102675,Pro-social,47.0,4,6,-6,-6,11,28,0,8,1.5,2.3,0.5,3.3,1.4,1.4,-4,-4,1.9,1.5,-4,-4,1.9,1.5,4,12,1.5,2.7,-4,8,1.0,1.8,-4,0,1.6,1.6,0.8,1.6,-8,-12,2.1,0.9
113,1.0,0.0,16.0,1.0,52.0,10.0,3.0,1.0,8.0,8.0,60.0,Pro-social,s7m22_usuario4,changing,0.83,3.15,1.3131601118339806,75.23853223301428,Pro-social,235.0,6,-8,10,8,23,-4,20,32,0.8,2.8,1.5,1.1,1.5,3.5,10,24,1.2,3.6,10,32,0.6,3.8,10,28,0.9,3.7,4,20,0.9,2.9,0,20,0.5,2.5,0.4,3.6,10,40,0.0,4.0
114,0.0,1.0,3.0,1.0,7.0,10.0,4.0,20.0,7.0,47.0,-58.0,Pro-self,s7m22_usuario5,changing,1.62,1.34,0.6910842120702678,39.596208639750294,Pro-self,-32.0,-10,-8,-4,-6,-16,-4,-8,4,1.8,0.6,1.5,1.1,2.2,1.4,-6,-4,1.7,1.3,-2,4,1.5,1.9,-6,0,1.4,1.4,-6,-8,2.0,1.2,-4,0,1.6,1.6,1.1,1.5,-6,0,1.4,1.4
115,1.0,0.0,0.0,0.0,1.0,2.0,0.0,25.0,1.0,70.0,-94.0,Pro-self,s7m22_usuario6,changing,1.72,0.8,0.43535327515230243,24.94390526342458,Pro-self,-89.0,-4,-10,-10,-10,-1,-8,-4,-8,1.6,1.2,1.6,0.8,1.3,0.9,-10,-12,1.9,0.7,-10,-12,1.9,0.7,-10,-4,1.3,0.9,-10,-12,1.9,0.7,-10,-16,2.2,0.6,1.6,0.8,-10,-12,1.9,0.7
116,0.0,1.0,8.0,0.0,10.0,16.0,8.0,11.0,8.0,38.0,-32.0,Pro-self,s7m22_usuario7,changing,1.46,1.74,0.8726758763469098,50.000644597558434,Pro-social,24.0,0,-2,2,-8,-4,8,20,-4,1.9,1.9,1.2,2.0,0.7,2.7,2,4,1.9,2.3,-4,0,1.6,1.6,-10,-4,1.3,0.9,-10,-16,2.2,0.6,0,16,0.8,2.4,1.5,1.1,-2,4,1.5,1.9
117,0.0,1.0,13.0,2.0,34.0,9.0,6.0,5.0,5.0,25.0,16.0,Pro-social,s7m22_usuario8,changing,1.19,2.47,1.1218295553303665,64.27609885346787,Pro-social,124.0,-8,-4,0,-4,-16,0,0,12,2.0,0.8,1.6,1.6,2.0,2.0,8,16,1.6,3.2,6,20,1.1,3.1,8,28,0.7,3.5,6,24,0.8,3.2,-2,12,0.9,2.1,0.7,1.9,6,28,0.5,3.3
118,1.0,0.0,0.0,1.0,1.0,1.0,0.0,26.0,1.0,69.0,-94.0,Pro-self,s7m22_usuario9,changing,1.78,0.78,0.4129997167206941,23.663140708194348,Pro-self,-97.0,-4,-10,-10,-10,-1,-16,-12,-8,1.6,1.2,2.2,0.6,1.9,0.7,-10,-4,1.3,0.9,-10,-8,1.6,0.8,-10,-8,1.6,0.8,-10,-8,1.6,0.8,-10,-16,2.2,0.6,1.6,0.8,-10,-16,2.2,0.6
119,0.0,1.0,2.0,0.0,1.0,4.0,1.0,16.0,3.0,72.0,-86.0,Pro-self,s7m22_usuario10,changing,1.49,1.01,0.5957066113750678,34.1314746598313,Pro-self,-52.0,-2,-10,-4,-10,4,-4,8,-4,1.1,1.9,1.3,0.9,1.0,1.8,-10,-8,1.6,0.8,-10,-4,1.3,0.9,-10,-8,1.6,0.8,-10,-12,1.9,0.7,-10,-8,1.6,0.8,1.3,0.9,-10,-16,2.2,0.6
120,0.0,1.0,0.0,0.0,0.0,0.0,0.0,28.0,0.0,71.0,-100.0,Pro-self,s7m22_usuario11,changing,1.83,0.71,0.37009994104854504,21.205164620122204,Pro-self,-116.0,-10,-10,-10,-10,-16,-4,-8,-12,1.8,0.6,1.3,0.9,1.6,0.8,-10,-12,1.9,0.7,-10,-20,2.5,0.5,-10,-8,1.6,0.8,-10,-12,1.9,0.7,-10,-12,1.9,0.7,1.9,0.7,-10,-12,1.9,0.7
121,1.0,0.0,11.0,5.0,39.0,3.0,3.0,9.0,4.0,25.0,16.0,Pro-social,s7m22_usuario12,changing,1.26,2.42,1.0907567434860852,62.49575787718643,Pro-social,119.0,0,-2,2,0,-5,0,16,12,2.3,1.5,1.8,1.8,1.0,2.6,4,16,1.2,2.8,6,24,0.8,3.2,-10,-12,1.9,0.7,8,24,1.0,3.4,10,40,0.0,4.0,1.1,2.3,-2,4,1.5,1.9
122,0.0,1.0,0.0,0.0,0.0,0.0,0.0,32.0,0.0,67.0,-100.0,Pro-self,s7m22_usuario13,changing,1.95,0.67,0.3309527486271431,18.96219571458935,Pro-self,-132.0,-10,-10,-10,-10,-28,-24,-16,-8,2.7,0.3,2.8,0.4,2.2,0.6,-10,-4,1.3,0.9,-10,-8,1.6,0.8,-10,-12,1.9,0.7,-10,-20,2.5,0.5,-10,-4,1.3,0.9,1.6,0.8,-10,-8,1.6,0.8
123,1.0,0.0,6.0,2.0,6.0,11.0,2.0,16.0,10.0,46.0,-50.0,Pro-self,s7m22_usuario14,changing,1.53,1.45,0.7585589721382329,43.46222761530255,Pro-self,-5.0,4,-6,-8,-8,15,4,-8,0,1.2,2.4,1.1,1.5,1.8,1.0,-6,-8,2.0,1.2,-6,0,1.4,1.4,-4,-4,1.9,1.5,2,16,1.0,2.6,-10,-12,1.9,0.7,1.2,1.2,-8,-8,1.8,1.0
124,0.0,1.0,1.0,8.0,3.0,12.0,1.0,20.0,19.0,35.0,-52.0,Pro-self,s7m22_usuario15,changing,1.65,1.41,0.7071270228761704,40.51539399045537,Pro-self,-28.0,-8,-4,-6,-6,-12,0,-12,-4,1.7,0.9,1.6,1.6,2.3,1.1,-6,-8,2.0,1.2,-4,-4,1.9,1.5,-6,4,1.1,1.5,-2,4,1.5,1.9,-4,0,1.6,1.6,1.7,1.3,-6,4,1.1,1.5
125,0.0,1.0,0.0,0.0,0.0,0.0,0.0,19.0,0.0,80.0,-100.0,Pro-self,s7m22_usuario16,changing,1.56,0.8,0.4738513364947604,27.149681697783173,Pro-self,-80.0,-10,-10,-10,-10,-8,-8,-12,-12,1.2,0.8,1.6,0.8,1.9,0.7,-10,-4,1.3,0.9,-10,-8,1.6,0.8,-10,-4,1.3,0.9,-10,-8,1.6,0.8,-10,-12,1.9,0.7,1.9,0.7,-10,-4,1.3,0.9
126,0.0,1.0,0.0,3.0,0.0,6.0,0.0,25.0,9.0,56.0,-82.0,Pro-self,s7m22_usuario17,changing,1.74,0.98,0.5129350139936566,29.38901146632034,Pro-self,-80.0,-4,-6,-8,-10,-4,-8,-4,-4,1.5,1.5,2.0,1.2,1.5,1.1,-10,-16,2.2,0.6,-10,-16,2.2,0.6,-8,-8,1.8,1.0,-10,-4,1.3,0.9,-10,-12,1.9,0.7,1.3,0.9,-6,-4,1.7,1.3
127,1.0,0.0,5.0,1.0,0.0,6.0,1.0,18.0,5.0,63.0,-76.0,Pro-self,s7m22_usuario18,changing,1.63,1.07,0.5808903479391049,33.282565296796626,Pro-self,-53.0,2,-6,-10,-8,11,0,-8,0,1.3,2.1,1.4,1.4,1.6,0.8,-10,-16,2.2,0.6,-10,-16,2.2,0.6,-10,0,1.0,1.0,-6,-4,1.7,1.3,-8,-8,1.8,1.0,1.2,1.2,-10,-12,1.9,0.7
128,1.0,0.0,8.0,2.0,9.0,6.0,2.0,25.0,5.0,42.0,-50.0,Pro-self,s11n9_usuario1,changing,1.86,1.34,0.6243062588598678,35.77011375627228,Pro-self,-49.0,6,-6,0,-4,15,-8,0,0,1.4,2.6,2.0,1.2,2.0,2.0,-2,-4,2.1,1.7,-4,4,1.3,1.7,-10,-8,1.6,0.8,-10,-16,2.2,0.6,-10,-20,2.5,0.5,1.6,1.6,-10,-12,1.9,0.7
129,1.0,0.0,5.0,1.0,16.0,6.0,0.0,14.0,6.0,51.0,-44.0,Pro-self,s11n9_usuario2,changing,1.32,1.6,0.8809962820612887,50.47736872882888,Pro-social,31.0,0,-8,-4,-2,7,-8,8,12,1.4,1.8,1.8,1.0,1.0,1.8,-10,-12,1.9,0.7,-2,8,1.2,2.0,-10,-4,1.3,0.9,4,8,1.8,2.6,-10,-4,1.3,0.9,0.9,2.1,-2,16,0.6,2.2
130,0.0,1.0,4.0,6.0,3.0,18.0,0.0,14.0,24.0,30.0,-38.0,Pro-self,s11n9_usuario3,changing,1.4,1.68,0.8760580505981934,50.19442890773481,Pro-social,24.0,-2,-4,-6,-4,4,8,-12,-4,1.1,1.9,1.0,1.8,2.3,1.1,-4,4,1.3,1.7,-4,8,1.0,1.8,-4,8,1.0,1.8,-2,0,1.8,1.8,-6,4,1.1,1.5,1.9,1.5,-2,4,1.5,1.9
131,0.0,1.0,13.0,1.0,30.0,8.0,4.0,7.0,5.0,31.0,4.0,Pro-social,s11n9_usuario4,changing,1.22,2.3,1.0830983731087491,62.05696557661707,Pro-social,104.0,-4,0,10,-2,-8,12,24,4,1.8,1.4,1.1,2.3,1.2,3.6,-4,4,1.3,1.7,4,16,1.2,2.8,-8,0,1.2,1.2,10,32,0.6,3.8,8,24,1.0,3.4,1.5,1.9,-10,-4,1.3,0.9
132,0.0,1.0,0.0,0.0,0.0,0.0,0.0,36.0,0.0,63.0,-100.0,Pro-self,s11n9_usuario5,changing,2.07,0.63,0.29544083714372,16.927513064147043,Pro-self,-148.0,-10,-10,-10,-10,-16,-20,-16,-8,1.8,0.6,2.5,0.5,2.2,0.6,-10,-16,2.2,0.6,-10,-20,2.5,0.5,-10,-4,1.3,0.9,-10,-20,2.5,0.5,-10,-16,2.2,0.6,1.6,0.8,-10,-12,1.9,0.7
133,1.0,0.0,8.0,4.0,10.0,23.0,6.0,8.0,20.0,20.0,-10.0,Pro-self,s11n9_usuario6,changing,1.33,2.05,0.9952788860585232,57.025279609635334,Pro-social,75.0,0,0,2,-6,11,12,4,0,1.1,1.9,1.1,2.3,1.9,2.3,-2,8,1.2,2.0,-4,-4,1.9,1.5,0,20,0.5,2.5,0,12,1.1,2.3,0,4,1.7,2.1,1.4,1.4,0,8,1.4,2.2
134,1.0,0.0,20.0,1.0,22.0,8.0,5.0,4.0,4.0,35.0,4.0,Pro-social,s11n9_usuario7,changing,1.38,2.22,1.0146300966744437,58.13402230639633,Pro-social,87.0,2,-2,4,0,-1,12,12,8,2.2,1.8,0.9,2.1,1.5,2.7,10,32,0.6,3.8,0,4,1.7,2.1,-10,0,1.0,1.0,2,4,1.9,2.3,0,4,1.7,2.1,1.4,2.2,-2,12,0.9,2.1
135,1.0,0.0,6.0,0.0,6.0,23.0,5.0,17.0,17.0,25.0,-30.0,Pro-self,s11n9_usuario8,changing,1.49,1.73,0.859794762222267,49.262611122790055,Pro-social,27.0,0,-6,0,-6,-1,-12,12,-4,2.0,1.6,2.3,1.1,1.1,2.3,-8,-12,2.1,0.9,-2,0,1.8,1.8,2,20,0.7,2.7,-2,12,0.9,2.1,-2,12,0.9,2.1,1.7,1.3,-6,0,1.4,1.4
136,1.0,0.0,0.0,1.0,3.0,5.0,2.0,17.0,3.0,68.0,-82.0,Pro-self,s11n9_usuario9,changing,1.51,1.03,0.5986243588547295,34.29864927610085,Pro-self,-45.0,-6,-8,-10,-6,-9,0,-4,4,2.0,0.8,1.2,1.2,1.3,0.9,-8,0,1.2,1.2,-8,0,1.2,1.2,-8,-12,2.1,0.9,-10,-16,2.2,0.6,-8,0,1.2,1.2,1.1,1.5,-10,-8,1.6,0.8
137,1.0,0.0,1.0,1.0,0.0,3.0,0.0,33.0,3.0,58.0,-90.0,Pro-self,s11n9_usuario10,changing,2.0,0.76,0.36314700994617627,20.80679101271123,Pro-self,-121.0,-4,-6,-10,-10,-1,-4,-24,-8,1.6,1.2,1.7,1.3,2.8,0.4,-10,-16,2.2,0.6,-10,-20,2.5,0.5,-10,-12,1.9,0.7,-10,-16,2.2,0.6,-10,-8,1.6,0.8,1.6,0.8,-10,-12,1.9,0.7
138,1.0,0.0,7.0,0.0,12.0,7.0,0.0,11.0,6.0,56.0,-48.0,Pro-self,s13n12_usuario1,changing,1.28,1.56,0.8836721166534575,50.63068275763526,Pro-social,31.0,2,-8,0,-10,7,0,12,-12,1.6,2.0,1.2,1.2,1.1,2.3,2,12,1.3,2.5,0,20,0.5,2.5,-4,4,1.3,1.7,-10,-4,1.3,0.9,-10,0,1.0,1.0,1.9,0.7,-10,-8,1.6,0.8
139,0.0,1.0,1.0,1.0,9.0,9.0,4.0,13.0,6.0,56.0,-60.0,Pro-self,s13n12_usuario2,changing,1.36,1.4,0.7998899024629482,45.83031548625801,Pro-social,0.0,-2,2,0,-10,4,20,12,-4,1.1,1.9,0.7,2.7,1.1,2.3,-6,-4,1.7,1.3,-10,-16,2.2,0.6,-6,0,1.4,1.4,-8,0,1.2,1.2,-10,-8,1.6,0.8,1.3,0.9,-10,-4,1.3,0.9
140,0.0,1.0,0.0,0.0,0.0,6.0,3.0,17.0,4.0,69.0,-86.0,Pro-self,s13n12_usuario3,changing,1.52,1.0,0.5819051181398855,33.340707346477004,Pro-self,-56.0,-10,-8,-10,-8,-16,0,-8,4,1.8,0.6,1.2,1.2,1.6,0.8,-8,-8,1.8,1.0,-8,-8,1.8,1.0,-8,-12,2.1,0.9,-8,-4,1.5,1.1,-10,-4,1.3,0.9,0.9,1.3,-8,0,1.2,1.2
141,1.0,0.0,4.0,2.0,12.0,14.0,1.0,11.0,14.0,41.0,-36.0,Pro-self,s13n12_usuario4,changing,1.22,1.74,0.9592993525353349,54.96380418990719,Pro-social,55.0,0,-2,-2,-10,7,12,8,-8,1.4,1.8,0.9,2.1,1.2,2.0,4,16,1.2,2.8,-2,12,0.9,2.1,-6,0,1.4,1.4,-6,8,0.8,1.6,-8,0,1.2,1.2,1.6,0.8,-4,0,1.6,1.6
142,1.0,0.0,5.0,2.0,16.0,9.0,0.0,9.0,10.0,48.0,-36.0,Pro-self,s13n12_usuario5,changing,1.16,1.76,0.9880568325449245,56.61148642388849,Pro-social,63.0,2,-8,0,-6,11,4,16,0,1.3,2.1,0.9,1.3,0.8,2.4,6,28,0.5,3.3,-10,-12,1.9,0.7,-8,0,1.2,1.2,-4,0,1.6,1.6,-6,4,1.1,1.5,1.4,1.4,-2,12,0.9,2.1
143,0.0,1.0,0.0,2.0,0.0,7.0,1.0,20.0,8.0,61.0,-82.0,Pro-self,s13n12_usuario6,changing,1.59,1.03,0.5748262065612444,32.93511558947458,Pro-self,-60.0,-8,-10,-10,-10,-16,-8,-8,-4,2.0,0.8,1.6,0.8,1.6,0.8,-10,-20,2.5,0.5,-10,-4,1.3,0.9,-4,4,1.3,1.7,-8,-12,2.1,0.9,-4,8,1.0,1.8,1.3,0.9,-8,0,1.2,1.2
144,1.0,0.0,5.0,0.0,14.0,5.0,0.0,16.0,4.0,55.0,-52.0,Pro-self,s13n12_usuario7,changing,1.39,1.47,0.8133628993673139,46.60226134627098,Pro-social,11.0,6,-6,-10,2,15,-4,-8,12,1.4,2.6,1.7,1.3,1.6,0.8,-10,-8,1.6,0.8,-10,-4,1.3,0.9,-6,4,1.1,1.5,0,12,1.1,2.3,-10,-8,1.6,0.8,1.3,2.5,-8,0,1.2,1.2
145,0.0,1.0,0.0,0.0,0.0,2.0,2.0,16.0,0.0,79.0,-96.0,Pro-self,s13n12_usuario8,changing,1.51,0.87,0.5227048180847391,29.948780007409017,Pro-self,-68.0,-8,-10,-10,-10,-4,-8,-4,0,1.1,1.1,1.6,0.8,1.3,0.9,-10,-4,1.3,0.9,-10,-16,2.2,0.6,-10,-8,1.6,0.8,-8,-4,1.5,1.1,-10,-8,1.6,0.8,1.0,1.0,-10,-12,1.9,0.7
146,1.0,0.0,3.0,2.0,5.0,11.0,2.0,16.0,11.0,49.0,-56.0,Pro-self,s13n12_usuario9,changing,1.47,1.39,0.7574334274275828,43.39773865372902,Pro-self,-5.0,-8,-2,-6,-4,-5,0,4,8,1.5,0.7,1.8,1.8,1.1,1.5,-8,-4,1.5,1.1,-10,-8,1.6,0.8,-2,0,1.8,1.8,-6,-8,2.0,1.2,-2,8,1.2,2.0,1.0,1.8,-8,0,1.2,1.2
147,0.0,1.0,1.0,4.0,3.0,19.0,6.0,9.0,17.0,40.0,-46.0,Pro-self,s13n12_usuario10,changing,1.32,1.6,0.8809962820612887,50.47736872882888,Pro-social,24.0,-6,-6,-4,-6,-16,-4,4,0,2.2,1.0,1.7,1.3,1.3,1.7,-2,12,0.9,2.1,-2,12,0.9,2.1,-2,12,0.9,2.1,-6,0,1.4,1.4,-4,4,1.3,1.7,1.4,1.4,-8,0,1.2,1.2
148,1.0,0.0,0.0,6.0,12.0,18.0,7.0,5.0,16.0,35.0,-28.0,Pro-self,s13n12_usuario11,changing,1.18,1.86,1.0054598660310134,57.608606793366235,Pro-social,71.0,0,0,-4,-4,11,12,8,4,1.1,1.9,1.1,2.3,1.0,1.8,-6,0,1.4,1.4,-2,4,1.5,1.9,-2,16,0.6,2.2,-4,4,1.3,1.7,-2,0,1.8,1.8,1.3,1.7,-4,12,0.7,1.9
149,0.0,1.0,0.0,2.0,2.0,4.0,1.0,16.0,5.0,69.0,-84.0,Pro-self,s13n12_usuario12,changing,1.48,1.04,0.6125375566103034,35.09581678702612,Pro-self,-48.0,-6,-10,-10,-8,-8,-4,-8,0,1.6,1.2,1.3,0.9,1.6,0.8,-6,-4,1.7,1.3,-6,0,1.4,1.4,-10,-8,1.6,0.8,-8,-4,1.5,1.1,-10,-4,1.3,0.9,1.2,1.2,-10,-8,1.6,0.8
150,0.0,1.0,0.0,6.0,0.0,13.0,11.0,12.0,8.0,49.0,-62.0,Pro-self,s13n12_usuario13,changing,1.67,1.27,0.6501740316734167,37.25222796389189,Pro-self,-44.0,-6,-6,-6,-4,-12,-12,-8,-8,1.9,1.1,2.3,1.1,2.0,1.2,-6,-4,1.7,1.3,-6,-4,1.7,1.3,-6,-4,1.7,1.3,-6,8,0.8,1.6,-8,0,1.2,1.2,2.2,1.4,-8,0,1.2,1.2
151,1.0,0.0,4.0,0.0,4.0,3.0,2.0,13.0,0.0,73.0,-78.0,Pro-self,s13n12_usuario14,changing,1.46,1.1,0.6456892891082848,36.99527114270715,Pro-self,-33.0,4,-10,-10,-10,7,-8,-8,-4,1.8,2.2,1.6,0.8,1.6,0.8,-10,-12,1.9,0.7,-4,4,1.3,1.7,-8,0,1.2,1.2,-10,0,1.0,1.0,-10,-8,1.6,0.8,1.3,0.9,-10,-4,1.3,0.9
152,0.0,1.0,0.0,0.0,0.0,0.0,0.0,21.0,0.0,78.0,-100.0,Pro-self,s13n12_usuario15,changing,1.62,0.78,0.4487233440107211,25.709953780811265,Pro-self,-88.0,-10,-10,-10,-10,-24,-12,-8,-8,2.4,0.4,1.9,0.7,1.6,0.8,-10,-8,1.6,0.8,-10,-4,1.3,0.9,-10,-8,1.6,0.8,-10,-12,1.9,0.7,-10,-4,1.3,0.9,1.6,0.8,-10,0,1.0,1.0
153,1.0,0.0,5.0,0.0,14.0,25.0,9.0,1.0,15.0,30.0,-12.0,Pro-self,s13n12_usuario16,changing,1.01,2.13,1.1280185525890494,64.63070227580843,Pro-social,115.0,0,-4,-4,-2,11,8,4,12,1.1,1.9,1.0,1.8,1.3,1.7,0,12,1.1,2.3,-4,8,1.0,1.8,-2,12,0.9,2.1,4,20,0.9,2.9,-2,12,0.9,2.1,0.9,2.1,2,16,1.0,2.6
154,1.0,0.0,13.0,1.0,32.0,13.0,7.0,2.0,6.0,25.0,18.0,Pro-social,s12n11_usuario1,changing,1.1,2.5,1.1562894522101106,66.25050550713323,Pro-social,143.0,-2,2,4,0,11,16,12,16,0.9,1.7,1.0,2.6,1.5,2.7,2,16,1.0,2.6,0,16,0.8,2.4,-4,8,1.0,1.8,10,12,2.1,3.3,10,32,0.6,3.8,0.8,2.4,-4,4,1.3,1.7
155,1.0,0.0,2.0,2.0,6.0,7.0,6.0,22.0,2.0,52.0,-66.0,Pro-self,s12n11_usuario2,changing,1.79,1.15,0.5710550737411626,32.71904559490062,Pro-self,-61.0,2,-10,-6,-10,11,-8,0,0,1.3,2.1,1.6,0.8,1.4,1.4,-6,-8,2.0,1.2,-4,4,1.3,1.7,-10,-16,2.2,0.6,-10,-12,1.9,0.7,-6,-16,2.6,1.0,1.0,1.0,-6,-16,2.6,1.0
156,1.0,0.0,4.0,9.0,35.0,13.0,3.0,5.0,19.0,11.0,24.0,Pro-social,s12n11_usuario3,changing,1.01,2.61,1.201570161327672,68.84489903292905,Pro-social,163.0,-6,-8,0,4,-1,-12,4,28,1.4,1.0,2.1,0.9,1.7,2.1,8,28,0.7,3.5,6,24,0.8,3.2,6,32,0.2,3.4,4,20,0.9,2.9,6,16,1.4,3.0,0.3,3.1,4,24,0.6,3.0
157,0.0,1.0,0.0,4.0,4.0,8.0,1.0,27.0,11.0,44.0,-68.0,Pro-self,s12n11_usuario4,changing,1.79,1.15,0.5710550737411626,32.71904559490062,Pro-self,-68.0,-6,-6,-6,-10,-16,0,-4,-8,2.2,1.0,1.4,1.4,1.7,1.3,-6,-4,1.7,1.3,-4,0,1.6,1.6,-6,0,1.4,1.4,-10,-12,1.9,0.7,-4,0,1.6,1.6,1.6,0.8,-10,-24,2.8,0.4
158,0.0,1.0,2.0,0.0,8.0,8.0,3.0,24.0,5.0,49.0,-64.0,Pro-self,s12n11_usuario5,changing,1.68,1.24,0.6358384235237452,36.43085812016236,Pro-self,-48.0,-8,-8,-8,-8,-16,-24,-4,-8,2.0,0.8,3.0,0.6,1.5,1.1,-6,-4,1.7,1.3,-6,4,1.1,1.5,-8,-8,1.8,1.0,-4,0,1.6,1.6,-4,4,1.3,1.7,1.8,1.0,-4,8,1.0,1.8
159,0.0,1.0,0.0,1.0,1.0,1.0,2.0,22.0,0.0,72.0,-94.0,Pro-self,s12n11_usuario6,changing,1.71,0.83,0.45188344585104734,25.891014279093483,Pro-self,-92.0,-10,-6,-10,-10,-20,-4,-12,-20,2.1,0.5,1.7,1.3,1.9,0.7,-8,-8,1.8,1.0,-10,-4,1.3,0.9,-10,0,1.0,1.0,-10,-8,1.6,0.8,-10,-12,1.9,0.7,2.5,0.5,-10,-4,1.3,0.9
160,0.0,1.0,13.0,2.0,6.0,7.0,2.0,18.0,7.0,44.0,-44.0,Pro-self,s12n11_usuario7,changing,1.76,1.48,0.6991925897216695,40.06078445787381,Pro-self,-32.0,4,-6,-6,-10,8,-4,4,-20,1.4,2.6,1.7,1.3,1.1,1.5,-6,-12,2.3,1.1,-8,-8,1.8,1.0,-8,-12,2.1,0.9,0,8,1.4,2.2,0,8,1.4,2.2,2.5,0.5,-4,-4,1.9,1.5
161,0.0,1.0,1.0,0.0,0.0,1.0,0.0,22.0,1.0,74.0,-96.0,Pro-self,s12n11_usuario8,changing,1.66,0.82,0.4588167287068298,26.28826212490023,Pro-self,-88.0,-6,-10,-10,-10,-12,-16,-20,-4,1.9,1.1,2.2,0.6,2.5,0.5,-10,-4,1.3,0.9,-10,-12,1.9,0.7,-10,0,1.0,1.0,-10,-4,1.3,0.9,-10,-4,1.3,0.9,1.3,0.9,-10,-12,1.9,0.7
162,1.0,0.0,0.0,6.0,1.0,7.0,3.0,29.0,9.0,44.0,-72.0,Pro-self,s12n11_usuario9,changing,2.0,1.0,0.46364760900080615,26.56505117707799,Pro-self,-97.0,0,-6,-8,-8,-9,0,-12,0,2.6,1.4,1.4,1.4,2.1,0.9,-8,-20,2.7,0.7,-8,-4,1.5,1.1,-8,0,1.2,1.2,-8,-8,1.8,1.0,-8,-20,2.7,0.7,1.2,1.2,-10,-24,2.8,0.4
163,1.0,0.0,14.0,0.0,9.0,18.0,14.0,0.0,4.0,40.0,-16.0,Pro-self,s12n11_usuario10,changing,1.42,1.94,0.9389419459370044,53.79741070999107,Pro-social,55.0,10,2,-2,-4,27,16,8,0,0.9,3.3,1.0,2.6,1.2,2.0,-4,4,1.3,1.7,-6,0,1.4,1.4,-6,0,1.4,1.4,0,0,2.0,2.0,0,0,2.0,2.0,1.6,1.6,-6,0,1.4,1.4
164,1.0,0.0,2.0,1.0,0.0,2.0,1.0,30.0,1.0,62.0,-90.0,Pro-self,s12n11_usuario11,changing,1.97,0.77,0.3726048734267293,21.34868667335783,Pro-self,-117.0,-2,-8,-10,-10,-1,-8,-12,-16,1.8,1.4,1.8,1.0,1.9,0.7,-10,-24,2.8,0.4,-10,-12,1.9,0.7,-10,-4,1.3,0.9,-10,-12,1.9,0.7,-10,-20,2.5,0.5,2.2,0.6,-10,-8,1.6,0.8
165,1.0,0.0,20.0,0.0,65.0,2.0,1.0,0.0,1.0,10.0,76.0,Pro-social,s12n11_usuario12,changing,0.75,3.39,1.3530645877693281,77.52489028779105,Pro-social,267.0,10,8,10,10,19,28,28,36,1.5,3.1,0.7,3.5,0.9,3.7,10,32,0.6,3.8,6,32,0.2,3.4,-8,0,1.2,1.2,10,24,1.2,3.6,10,32,0.6,3.8,0.3,3.9,10,36,0.3,3.9
166,1.0,0.0,2.0,2.0,9.0,9.0,4.0,12.0,7.0,54.0,-54.0,Pro-self,s12n11_usuario13,changing,1.37,1.45,0.81375935110332,46.624976357524766,Pro-social,11.0,0,-6,-2,-10,3,0,8,-4,1.7,1.7,1.4,1.4,1.2,2.0,0,12,1.1,2.3,-6,4,1.1,1.5,-6,0,1.4,1.4,-8,-4,1.5,1.1,-10,-4,1.3,0.9,1.3,0.9,-6,-4,1.7,1.3
167,0.0,1.0,2.0,2.0,1.0,2.0,1.0,37.0,3.0,51.0,-86.0,Pro-self,s12n11_usuario14,changing,2.18,0.78,0.3436049978800046,19.687116198125864,Pro-self,-144.0,0,-8,-8,-10,-4,-20,-4,-20,1.9,1.9,2.7,0.7,1.5,1.1,-10,-24,2.8,0.4,-10,-20,2.5,0.5,-10,-4,1.3,0.9,-10,-8,1.6,0.8,-10,-28,3.1,0.3,2.5,0.5,-10,-12,1.9,0.7
168,1.0,0.0,18.0,1.0,24.0,14.0,4.0,5.0,10.0,23.0,14.0,Pro-social,s12n11_usuario15,changing,1.27,2.39,1.0823604077567908,62.01468327652296,Pro-social,115.0,8,2,2,-8,7,16,8,-4,2.2,2.6,1.0,2.6,1.6,2.4,-2,12,0.9,2.1,2,12,1.3,2.5,-2,12,0.9,2.1,0,4,1.7,2.1,10,28,0.9,3.7,1.5,1.1,2,20,0.7,2.7
169,0.0,1.0,0.0,0.0,0.0,0.0,0.0,35.0,0.0,64.0,-100.0,Pro-self,s12n11_usuario16,changing,2.04,0.64,0.3040009393401446,17.41797079220284,Pro-self,-144.0,-10,-10,-10,-10,-24,-12,-4,-12,2.4,0.4,1.9,0.7,1.3,0.9,-10,-28,3.1,0.3,-10,-12,1.9,0.7,-10,-12,1.9,0.7,-10,-12,1.9,0.7,-10,-24,2.8,0.4,1.9,0.7,-10,-4,1.3,0.9
170,1.0,0.0,19.0,0.0,56.0,3.0,0.0,5.0,3.0,13.0,58.0,Pro-social,s12n11_usuario17,changing,0.93,3.09,1.2784490606022594,73.24973549497427,Pro-social,219.0,10,0,8,10,27,16,16,40,0.9,3.3,0.8,2.4,1.6,3.2,8,24,1.0,3.4,-10,-12,1.9,0.7,2,20,0.7,2.7,10,24,1.2,3.6,10,32,0.6,3.8,0.0,4.0,10,32,0.6,3.8
171,0.0,1.0,1.0,0.0,0.0,4.0,0.0,29.0,4.0,61.0,-90.0,Pro-self,s12n11_usuario18,changing,1.84,0.84,0.42826415287665476,24.537728476577794,Pro-self,-104.0,-10,-4,-8,-10,-28,4,-4,-12,2.7,0.3,1.3,1.7,1.5,1.1,-8,-4,1.5,1.1,-10,-8,1.6,0.8,-10,-8,1.6,0.8,-10,-12,1.9,0.7,-10,-16,2.2,0.6,1.9,0.7,-10,-16,2.2,0.6
