userid,rt,response,round
 9,4.480200,0.000, 1
18,9.472300,1.000, 1
 7,2.238200,1.000, 1
10,8.133700,1.000, 1
13,5.098500,1.000, 1
 5,3.129300,1.000, 1
15,3.587300,0.000, 1
16,4.043100,1.000, 1
12,4.766000,0.000, 1
 6,5.961900,1.000, 1
17,16.088900,1.000, 1
 2,6.274900,1.000, 1
14,6.971500,1.000, 1
 4,2.788300,1.000, 1
 3,8.762000,1.000, 1
 8,11.946200,1.000, 1
 1,6.753300,1.000, 1
 9,5.461200,1.000, 2
18,2.074100,1.000, 2
 7,1.495000,1.000, 2
10,17.424000,1.000, 2
13,6.453800,0.000, 2
 5,2.331900,1.000, 2
15,3.769900,0.000, 2
16,3.273500,0.000, 2
12,13.072600,0.000, 2
 6,7.720500,1.000, 2
17,3.236200,1.000, 2
 2,22.779200,1.000, 2
14,8.195600,1.000, 2
 4,3.685500,1.000, 2
11,9.848000,0.000, 2
 3,11.604700,1.000, 2
 8,6.240900,1.000, 2
 1,9.882400,0.000, 2
 9,10.770300,0.000, 3
18,1.869700,1.000, 3
 7,0.953900,1.000, 3
10,5.382500,1.000, 3
13,4.486000,1.000, 3
 5,3.436100,1.000, 3
15,2.920000,0.000, 3
16,2.759300,0.000, 3
12,25.743900,0.000, 3
 6,6.012200,0.000, 3
17,3.371600,0.000, 3
 2,16.315300,1.000, 3
14,3.743900,1.000, 3
 4,3.093300,1.000, 3
11,8.961100,1.000, 3
 3,5.676400,1.000, 3
 8,7.956100,0.000, 3
 1,14.401900,0.000, 3
 9,3.460400,1.000, 4
18,1.868800,1.000, 4
 7,1.649900,1.000, 4
10,5.617300,1.000, 4
13,2.527000,1.000, 4
 5,3.966600,1.000, 4
15,7.436400,0.000, 4
16,2.168500,0.000, 4
12,9.811800,0.000, 4
 6,5.548900,0.000, 4
17,4.519200,0.000, 4
 2,6.374300,0.000, 4
14,3.593700,1.000, 4
 4,2.845800,1.000, 4
11,13.497200,1.000, 4
 3,4.784700,1.000, 4
 8,2.865600,0.000, 4
 1,5.060900,0.000, 4
 9,6.429800,1.000, 5
18,1.703500,1.000, 5
 7,1.340300,1.000, 5
10,15.445900,1.000, 5
13,3.300200,1.000, 5
 5,1.351700,1.000, 5
15,19.766600,0.000, 5
16,2.743300,0.000, 5
12,8.210500,0.000, 5
 6,2.017600,1.000, 5
17,2.587200,1.000, 5
 2,8.556800,0.000, 5
14,2.123800,1.000, 5
 4,1.887900,1.000, 5
11,6.297300,1.000, 5
 3,2.634600,1.000, 5
 8,3.729300,0.000, 5
 1,3.957600,0.000, 5
 9,5.293500,0.000, 6
18,1.816400,1.000, 6
 7,0.614000,1.000, 6
10,4.229300,1.000, 6
13,3.521400,1.000, 6
 5,1.766000,1.000, 6
15,7.783700,1.000, 6
16,2.149400,0.000, 6
12,4.479800,1.000, 6
 6,5.712600,1.000, 6
17,2.667500,0.000, 6
 2,4.673400,1.000, 6
14,1.336100,1.000, 6
 4,1.596700,1.000, 6
11,3.731600,0.000, 6
 3,1.318100,1.000, 6
 8,2.435000,0.000, 6
 1,1.438900,1.000, 6
 9,5.660700,1.000, 7
18,4.363400,0.000, 7
 7,0.701700,1.000, 7
10,2.661500,1.000, 7
13,1.795000,1.000, 7
 5,1.158900,1.000, 7
15,3.076000,1.000, 7
16,3.143900,1.000, 7
12,3.933400,1.000, 7
 6,3.407400,1.000, 7
17,3.210000,0.000, 7
 2,5.220000,1.000, 7
14,2.335800,1.000, 7
 4,1.146300,1.000, 7
11,2.759600,1.000, 7
 3,4.644800,1.000, 7
 8,3.791500,1.000, 7
 1,9.558500,1.000, 7
 9,10.584000,0.000, 8
18,2.967300,1.000, 8
 7,2.060100,1.000, 8
10,2.977800,1.000, 8
13,2.498700,1.000, 8
 5,1.136200,1.000, 8
15,9.525700,1.000, 8
16,2.673800,1.000, 8
12,10.321300,0.000, 8
 6,2.436800,1.000, 8
17,2.225500,0.000, 8
 2,3.019300,0.000, 8
14,2.612500,1.000, 8
 4,1.201800,1.000, 8
11,7.918900,0.000, 8
 3,6.007700,1.000, 8
 8,2.181900,1.000, 8
 1,9.229300,1.000, 8
 9,10.620900,1.000, 9
18,5.023200,1.000, 9
 7,0.544400,1.000, 9
10,2.118500,1.000, 9
13,2.379000,1.000, 9
 5,1.108700,1.000, 9
15,2.207200,1.000, 9
16,1.777900,1.000, 9
12,2.788900,1.000, 9
 6,2.302000,0.000, 9
17,2.203000,1.000, 9
 2,4.756900,0.000, 9
14,4.107400,1.000, 9
 4,0.811800,1.000, 9
11,1.593500,1.000, 9
 3,6.110100,0.000, 9
 8,4.509400,1.000, 9
 1,5.953600,1.000, 9
 9,7.577900,0.000,10
18,3.017300,0.000,10
 7,1.948800,1.000,10
10,3.750200,1.000,10
13,1.671600,1.000,10
 5,1.476300,1.000,10
15,3.937200,1.000,10
16,1.309000,1.000,10
12,1.777100,1.000,10
 6,2.870300,1.000,10
17,2.736200,1.000,10
 2,6.650400,0.000,10
14,2.367400,1.000,10
 4,0.664200,1.000,10
11,7.127800,1.000,10
 3,6.673400,1.000,10
 8,1.484000,1.000,10
 1,5.926900,0.000,10
 9,2.979200,1.000,11
18,4.667400,1.000,11
 7,1.282600,1.000,11
10,1.593500,1.000,11
13,0.626400,1.000,11
 5,1.334500,1.000,11
15,2.085500,1.000,11
16,1.507600,1.000,11
12,2.846200,1.000,11
 6,2.198700,1.000,11
17,2.423900,0.000,11
 2,9.598500,1.000,11
14,9.349300,1.000,11
 4,0.699300,1.000,11
11,9.946700,0.000,11
 3,2.322400,1.000,11
 8,2.142000,1.000,11
 1,5.841300,1.000,11
 9,3.256300,1.000,12
18,4.384800,0.000,12
 7,0.598000,1.000,12
10,1.788800,1.000,12
13,0.797800,1.000,12
 5,1.126100,1.000,12
15,2.286400,1.000,12
16,2.330100,1.000,12
12,5.238800,1.000,12
 6,1.793700,1.000,12
17,2.160400,0.000,12
 2,2.185100,0.000,12
14,2.881100,1.000,12
 4,0.712600,1.000,12
11,1.984200,1.000,12
 3,4.105600,1.000,12
 8,1.682800,1.000,12
 1,4.593200,1.000,12
 9,3.221600,1.000,13
18,3.685200,1.000,13
 7,0.765200,1.000,13
10,0.918100,1.000,13
13,1.124900,1.000,13
 5,1.906700,1.000,13
15,3.016500,1.000,13
16,1.491300,1.000,13
12,1.864900,1.000,13
 6,1.604100,1.000,13
17,2.117000,0.000,13
 2,2.711000,0.000,13
14,2.383000,1.000,13
 4,0.581500,1.000,13
11,3.232500,0.000,13
 3,3.451200,1.000,13
 8,1.498000,1.000,13
 1,5.193600,1.000,13
 9,1.790800,0.000,14
18,3.167400,1.000,14
 7,0.731600,1.000,14
10,0.480900,1.000,14
13,1.987300,1.000,14
 5,1.559400,1.000,14
15,2.645500,1.000,14
16,1.005000,1.000,14
12,1.782500,1.000,14
 6,1.471000,1.000,14
17,1.886000,0.000,14
 2,5.913100,0.000,14
14,1.114400,1.000,14
 4,2.704300,1.000,14
11,4.716500,0.000,14
 3,1.456600,0.000,14
 8,1.762900,1.000,14
 1,2.729100,0.000,14
 9,3.460500,1.000,15
18,1.902500,1.000,15
 7,0.482400,1.000,15
10,0.719300,1.000,15
13,0.562000,1.000,15
 5,1.581300,1.000,15
15,1.922000,1.000,15
16,0.650700,1.000,15
12,3.907300,1.000,15
 6,1.226900,1.000,15
17,2.708500,1.000,15
 2,3.190400,1.000,15
14,1.753500,1.000,15
 4,0.714900,1.000,15
11,3.261500,1.000,15
 3,0.680300,0.000,15
 8,3.306300,1.000,15
 1,5.941700,1.000,15
 9,1.619100,0.000,16
18,3.060700,0.000,16
 7,0.525400,1.000,16
10,0.633600,1.000,16
13,0.579500,1.000,16
 5,0.896800,1.000,16
15,1.135400,1.000,16
16,0.831700,1.000,16
12,1.142800,1.000,16
 6,1.189100,1.000,16
17,2.590700,1.000,16
 2,4.697400,0.000,16
14,0.939900,1.000,16
 4,0.603100,1.000,16
11,4.745900,1.000,16
 3,0.607600,0.000,16
 8,1.571600,1.000,16
 1,1.509600,1.000,16
 9,4.057600,0.000,17
18,2.104800,0.000,17
 7,0.481800,1.000,17
10,0.656300,1.000,17
13,1.127800,1.000,17
 5,1.084200,1.000,17
15,4.864300,1.000,17
16,0.940700,1.000,17
12,1.517000,1.000,17
 6,0.978000,1.000,17
17,3.896600,1.000,17
 2,6.161200,0.000,17
14,1.085200,1.000,17
 4,0.713500,1.000,17
11,7.855300,1.000,17
 3,0.370100,0.000,17
 8,1.882700,1.000,17
 1,4.479600,0.000,17
 9,2.543500,1.000,18
18,2.333700,1.000,18
 7,0.541600,1.000,18
10,0.498300,1.000,18
13,0.736100,1.000,18
 5,0.588600,1.000,18
15,3.330100,1.000,18
16,0.386800,1.000,18
12,1.210100,1.000,18
 6,1.548000,1.000,18
17,1.294900,0.000,18
 2,4.783700,1.000,18
14,0.951400,1.000,18
 4,0.568000,1.000,18
11,0.936500,0.000,18
 3,0.644400,0.000,18
 8,2.006800,0.000,18
 1,5.833700,0.000,18
 9,4.922100,0.000,19
18,2.716300,1.000,19
 7,0.417700,1.000,19
10,0.720100,1.000,19
13,0.740600,1.000,19
 5,0.766000,1.000,19
15,2.307200,1.000,19
16,1.127500,1.000,19
12,0.964800,1.000,19
 6,1.030000,1.000,19
17,2.168300,0.000,19
 2,3.416100,0.000,19
14,1.664000,1.000,19
 4,0.590700,1.000,19
11,1.689200,0.000,19
 3,0.603600,0.000,19
 8,3.822200,0.000,19
 1,2.347800,0.000,19
 9,3.206000,1.000,20
18,1.216900,1.000,20
 7,0.577800,1.000,20
10,0.859800,1.000,20
13,1.874000,1.000,20
 5,1.528600,1.000,20
15,4.755700,1.000,20
16,0.793900,1.000,20
12,0.967200,1.000,20
 6,1.149000,1.000,20
17,3.306300,1.000,20
 2,2.421900,0.000,20
14,1.018800,1.000,20
 4,1.282400,1.000,20
11,4.488100,0.000,20
 3,1.694100,1.000,20
 8,2.469800,0.000,20
 1,1.294500,1.000,20
 9,2.516200,0.000,21
18,1.813400,0.000,21
 7,0.637700,1.000,21
10,0.465500,1.000,21
13,0.944000,1.000,21
 5,2.288700,1.000,21
15,4.481100,1.000,21
16,0.688000,1.000,21
12,0.561400,1.000,21
 6,1.105700,1.000,21
17,0.972900,0.000,21
 2,2.156600,1.000,21
14,0.920100,1.000,21
 4,0.753600,1.000,21
11,1.800000,1.000,21
 3,0.734800,1.000,21
 8,1.442700,1.000,21
 1,2.896200,1.000,21
 9,3.230600,1.000,22
18,1.681900,0.000,22
 7,0.420200,1.000,22
10,0.523600,1.000,22
13,3.137500,1.000,22
 5,1.803700,1.000,22
15,3.027100,1.000,22
16,1.463300,1.000,22
12,0.646400,1.000,22
 6,0.864600,1.000,22
17,2.180900,0.000,22
 2,2.621800,0.000,22
14,1.112800,1.000,22
 4,0.829600,1.000,22
11,2.036800,1.000,22
 3,0.412400,1.000,22
 8,1.130300,1.000,22
 1,1.541000,1.000,22
 9,4.073600,0.000,23
18,2.101000,0.000,23
 7,0.453600,1.000,23
10,0.627000,1.000,23
13,0.879200,1.000,23
 5,0.726900,1.000,23
15,2.672100,1.000,23
16,0.925200,1.000,23
12,0.590000,1.000,23
 6,0.967500,1.000,23
17,2.120300,1.000,23
 2,1.347500,0.000,23
14,0.820100,1.000,23
 4,0.659000,1.000,23
11,3.521000,1.000,23
 3,0.458600,1.000,23
 8,2.291700,0.000,23
 1,1.602600,1.000,23
 9,1.909300,0.000,24
18,1.991200,0.000,24
 7,0.520200,1.000,24
10,0.544800,1.000,24
13,0.751400,1.000,24
 5,0.653900,1.000,24
15,0.795300,1.000,24
16,0.996400,1.000,24
12,0.610600,1.000,24
 6,0.978400,1.000,24
17,1.121000,0.000,24
 2,7.765200,0.000,24
14,0.963700,1.000,24
 4,0.748400,1.000,24
11,2.213300,1.000,24
 3,0.408300,1.000,24
 8,1.827800,1.000,24
 1,2.254400,1.000,24
 9,1.711700,0.000,25
18,2.442600,0.000,25
 7,0.729500,1.000,25
10,0.554600,1.000,25
13,0.645100,1.000,25
 5,0.702200,1.000,25
15,1.392800,1.000,25
16,0.790200,1.000,25
12,0.876400,1.000,25
 6,0.801900,1.000,25
17,2.042000,0.000,25
 2,2.479500,1.000,25
14,1.135400,1.000,25
 4,0.609500,1.000,25
11,1.514500,1.000,25
 3,0.483300,1.000,25
 8,1.334900,1.000,25
 1,1.651100,0.000,25
 9,2.306000,0.000,26
18,3.029400,0.000,26
 7,1.023700,1.000,26
10,3.799400,1.000,26
13,0.797200,1.000,26
 5,0.560000,1.000,26
15,1.084100,1.000,26
16,0.869600,1.000,26
12,1.650100,1.000,26
 6,0.586300,1.000,26
17,2.337800,0.000,26
 2,6.154600,1.000,26
14,1.122600,1.000,26
 4,0.586200,1.000,26
11,1.253200,1.000,26
 3,0.719000,1.000,26
 8,2.940800,1.000,26
 1,3.871400,1.000,26
 9,2.035600,0.000,27
18,1.595000,1.000,27
 7,1.156200,1.000,27
10,0.562800,1.000,27
13,0.782000,1.000,27
 5,0.759200,1.000,27
15,0.944700,1.000,27
16,0.957200,1.000,27
12,1.288900,1.000,27
 6,0.868100,1.000,27
17,1.627800,0.000,27
 2,1.278000,0.000,27
14,1.404500,1.000,27
 4,0.628600,1.000,27
11,0.947600,1.000,27
 3,0.512800,1.000,27
 8,1.949100,1.000,27
 1,2.016400,0.000,27
 9,3.547800,0.000,28
18,1.695900,1.000,28
 7,0.585900,1.000,28
10,0.777600,1.000,28
13,1.048900,1.000,28
 5,0.750500,1.000,28
15,1.044500,1.000,28
16,1.194700,1.000,28
12,1.542900,1.000,28
 6,0.710400,1.000,28
17,2.065700,0.000,28
 2,1.071600,0.000,28
14,1.008900,1.000,28
 4,0.546600,1.000,28
11,1.273200,1.000,28
 3,0.491300,1.000,28
 8,5.401600,0.000,28
 1,3.297000,1.000,28
 9,2.142100,1.000,29
18,1.620500,1.000,29
 7,0.623400,1.000,29
10,0.697100,1.000,29
13,0.843600,1.000,29
 5,0.663500,1.000,29
15,0.975200,1.000,29
16,0.782300,1.000,29
12,0.594600,1.000,29
 6,0.790400,1.000,29
17,1.289500,1.000,29
 2,3.867900,0.000,29
14,1.012200,1.000,29
 4,0.534200,1.000,29
11,1.125300,1.000,29
 3,0.412900,1.000,29
 8,4.481200,1.000,29
 1,5.221600,1.000,29
 9,2.410500,1.000,30
18,1.581700,1.000,30
 7,0.506000,1.000,30
10,2.552800,1.000,30
13,0.585000,1.000,30
 5,0.846800,1.000,30
15,1.098200,1.000,30
16,0.698800,1.000,30
12,0.584300,1.000,30
 6,0.756500,1.000,30
17,3.918300,0.000,30
 2,4.519100,1.000,30
14,0.759500,1.000,30
 4,0.558100,1.000,30
11,0.518600,1.000,30
 3,0.369200,1.000,30
 8,3.542700,1.000,30
 1,4.469400,1.000,30
 9,4.960200,0.000,31
18,1.133300,1.000,31
 7,0.492100,1.000,31
10,0.673100,1.000,31
13,0.870400,1.000,31
 5,0.477600,1.000,31
15,1.132900,1.000,31
16,0.497600,1.000,31
12,16.384700,1.000,31
 6,0.610900,1.000,31
17,6.938800,0.000,31
 2,2.214400,1.000,31
14,0.887800,1.000,31
 4,0.564400,1.000,31
11,1.088000,1.000,31
 3,1.354100,1.000,31
 8,1.383300,1.000,31
 1,2.443200,0.000,31
 9,3.013500,1.000,32
18,1.882300,1.000,32
 7,0.492800,1.000,32
10,1.719600,1.000,32
13,1.274200,1.000,32
 5,1.994500,1.000,32
15,0.646600,1.000,32
16,0.890400,1.000,32
12,2.624300,1.000,32
 6,0.978100,1.000,32
17,1.650400,0.000,32
 2,3.570900,0.000,32
14,1.014700,1.000,32
 4,0.745700,1.000,32
11,1.657300,1.000,32
 3,0.510200,1.000,32
 8,1.392000,0.000,32
 1,7.356100,0.000,32
 9,2.069700,1.000,33
18,0.897900,1.000,33
 7,0.602600,1.000,33
10,0.509900,1.000,33
13,0.609700,1.000,33
 5,2.587100,1.000,33
15,1.075900,1.000,33
16,1.107700,1.000,33
12,0.676100,1.000,33
 6,0.840100,1.000,33
17,1.967300,0.000,33
 2,1.078200,0.000,33
14,1.403000,1.000,33
 4,0.664700,1.000,33
11,0.955000,1.000,33
 3,0.453700,1.000,33
 8,1.323800,0.000,33
 1,1.807800,0.000,33
 9,3.449900,0.000,34
18,0.822700,1.000,34
 7,0.532200,1.000,34
10,0.565200,1.000,34
13,1.855900,1.000,34
 5,1.672100,1.000,34
15,1.011500,1.000,34
16,1.190500,1.000,34
12,0.810200,1.000,34
 6,0.701800,1.000,34
17,0.856200,1.000,34
 2,1.898100,1.000,34
14,2.220400,1.000,34
 4,1.312400,0.000,34
11,0.998400,1.000,34
 3,0.619100,1.000,34
 8,2.572700,0.000,34
 1,1.617900,0.000,34
 9,3.057000,1.000,35
18,1.845200,1.000,35
 7,0.570200,1.000,35
10,1.422900,1.000,35
13,1.782100,1.000,35
 5,0.781500,1.000,35
15,0.693400,1.000,35
16,1.042300,1.000,35
12,0.660100,1.000,35
 6,0.705500,1.000,35
17,1.198300,1.000,35
 2,1.629000,1.000,35
14,6.228400,1.000,35
 4,1.911200,0.000,35
11,1.092200,1.000,35
 3,0.411900,1.000,35
 8,1.559800,1.000,35
 1,1.298100,1.000,35
 9,1.586000,1.000,36
18,1.602700,1.000,36
 7,0.489500,1.000,36
10,0.495400,1.000,36
13,1.946100,1.000,36
 5,0.752100,1.000,36
15,3.772400,1.000,36
16,0.805800,1.000,36
12,3.140700,1.000,36
 6,0.597500,1.000,36
17,1.047500,1.000,36
 2,2.152300,1.000,36
14,6.144600,0.000,36
 4,0.623400,0.000,36
11,1.021200,1.000,36
 3,0.414300,1.000,36
 8,1.032500,0.000,36
 1,1.080600,1.000,36
 9,2.539400,1.000,37
18,1.387900,1.000,37
 7,0.509400,1.000,37
10,0.578900,1.000,37
13,1.728000,1.000,37
 5,0.736300,1.000,37
15,3.397200,1.000,37
16,0.718600,1.000,37
12,0.680500,1.000,37
 6,0.515200,1.000,37
17,0.975900,1.000,37
 2,3.088300,1.000,37
14,4.715800,0.000,37
 4,1.392500,1.000,37
11,1.206400,1.000,37
 3,0.678200,1.000,37
 8,1.567400,1.000,37
 1,1.563500,1.000,37
 9,1.752200,1.000,38
18,1.001300,1.000,38
 7,0.738000,1.000,38
10,0.655900,1.000,38
13,1.039800,1.000,38
 5,0.551000,1.000,38
15,0.699000,1.000,38
16,0.896600,1.000,38
12,3.775300,1.000,38
 6,0.485700,1.000,38
17,2.291000,1.000,38
 2,3.203400,1.000,38
14,3.963100,0.000,38
 4,1.869600,0.000,38
11,0.886400,1.000,38
 3,0.373200,1.000,38
 8,1.609900,1.000,38
 1,3.258500,0.000,38
 9,2.393300,1.000,39
18,0.890900,1.000,39
 7,0.696600,1.000,39
10,0.627500,1.000,39
13,0.742100,1.000,39
 5,0.546500,1.000,39
15,0.871700,1.000,39
16,0.898200,1.000,39
12,2.009400,1.000,39
 6,0.545200,1.000,39
17,0.904000,1.000,39
 2,3.159300,1.000,39
14,3.808700,0.000,39
 4,2.129500,0.000,39
11,0.991800,1.000,39
 3,0.410600,1.000,39
 8,1.562300,0.000,39
 1,5.442200,0.000,39
 9,1.615100,1.000,40
18,0.740300,1.000,40
 7,0.543500,1.000,40
10,0.704500,1.000,40
13,0.694000,1.000,40
 5,0.755100,1.000,40
15,0.738900,1.000,40
16,0.527200,1.000,40
12,1.125900,0.000,40
 6,0.466900,1.000,40
17,1.768200,0.000,40
 2,8.028900,1.000,40
14,3.273200,1.000,40
 4,1.457800,1.000,40
11,1.517900,1.000,40
 3,0.426000,1.000,40
 8,2.143400,1.000,40
 1,1.402300,0.000,40
 9,2.032100,1.000,41
18,0.729000,1.000,41
 7,0.476200,1.000,41
10,0.552600,1.000,41
13,0.777100,1.000,41
 5,0.983400,1.000,41
15,0.903300,1.000,41
16,0.794200,1.000,41
12,6.407100,0.000,41
 6,1.345900,1.000,41
17,1.508700,1.000,41
 2,5.046400,1.000,41
14,2.458100,0.000,41
 4,0.788100,1.000,41
11,1.356700,1.000,41
 3,0.422100,1.000,41
 8,1.625600,0.000,41
 1,2.704800,0.000,41
 9,2.411100,1.000,42
18,0.805600,1.000,42
 7,0.593200,1.000,42
10,0.648000,1.000,42
13,1.509900,1.000,42
 5,0.536000,1.000,42
15,0.672300,1.000,42
16,0.475800,1.000,42
12,5.004000,1.000,42
 6,1.972000,0.000,42
17,1.342700,1.000,42
 2,2.519800,0.000,42
14,2.735500,1.000,42
 4,1.655100,1.000,42
11,1.724800,1.000,42
 3,0.594900,1.000,42
 8,3.628400,0.000,42
 1,1.348600,0.000,42
 9,0.990400,1.000,43
18,0.829200,1.000,43
 7,0.490400,1.000,43
10,0.586500,1.000,43
13,1.258400,1.000,43
 5,0.720700,1.000,43
15,0.920900,1.000,43
16,0.946800,1.000,43
12,10.132500,0.000,43
 6,1.893400,0.000,43
17,1.788100,0.000,43
 2,2.008700,1.000,43
14,1.913900,1.000,43
 4,0.704900,1.000,43
11,0.806900,1.000,43
 3,0.395300,1.000,43
 8,1.513800,0.000,43
 1,1.248200,0.000,43
 9,1.757200,1.000,44
18,0.804500,1.000,44
 7,0.745900,1.000,44
10,0.605700,1.000,44
13,2.213800,1.000,44
 5,1.187200,1.000,44
15,0.569500,1.000,44
16,0.703400,1.000,44
12,4.520400,1.000,44
 6,1.133500,1.000,44
17,1.539000,1.000,44
 2,2.060400,1.000,44
14,1.599100,1.000,44
 4,0.617300,1.000,44
11,1.465500,1.000,44
 3,0.836200,1.000,44
 8,1.202800,0.000,44
 1,1.056400,1.000,44
 9,2.483800,1.000,45
18,0.885800,1.000,45
 7,0.783200,1.000,45
10,1.116200,1.000,45
13,1.552600,1.000,45
 5,1.227600,1.000,45
15,0.684900,1.000,45
16,0.582100,1.000,45
12,1.587900,1.000,45
 6,1.031400,1.000,45
17,0.842100,1.000,45
 2,9.639800,0.000,45
14,1.090200,1.000,45
 4,0.739500,1.000,45
11,1.635100,1.000,45
 3,0.503800,1.000,45
 8,1.348700,1.000,45
 1,1.390600,1.000,45
 9,1.377900,1.000,46
18,0.659300,1.000,46
 7,0.554400,1.000,46
10,0.522000,1.000,46
13,1.058900,1.000,46
 5,0.784800,1.000,46
15,0.550300,1.000,46
16,0.537400,1.000,46
12,0.630300,1.000,46
 6,1.040500,1.000,46
17,2.447600,0.000,46
 2,1.785400,1.000,46
14,0.675900,1.000,46
 4,0.619400,1.000,46
11,0.886100,1.000,46
 3,0.474600,1.000,46
 8,1.119300,1.000,46
 1,0.956500,1.000,46
 9,3.088000,1.000,47
18,0.596700,1.000,47
 7,0.685900,1.000,47
10,0.620200,1.000,47
13,1.537200,1.000,47
 5,1.246600,1.000,47
15,0.904400,1.000,47
16,0.939300,1.000,47
12,0.627400,1.000,47
 6,0.724600,1.000,47
17,1.819400,1.000,47
 2,2.111100,1.000,47
14,0.749500,1.000,47
 4,0.525200,1.000,47
11,1.110400,1.000,47
 3,0.537500,1.000,47
 8,5.592200,1.000,47
 1,1.770200,1.000,47
 9,1.335600,1.000,48
18,0.556900,1.000,48
 7,0.571000,1.000,48
10,0.660300,1.000,48
13,0.805600,1.000,48
 5,0.606400,1.000,48
15,0.885800,1.000,48
16,0.711400,1.000,48
12,0.639500,1.000,48
 6,0.443100,1.000,48
17,0.920500,0.000,48
 2,3.593100,1.000,48
14,0.752100,1.000,48
 4,0.516900,1.000,48
11,1.678800,1.000,48
 3,0.429200,1.000,48
 8,1.239500,1.000,48
 1,1.026800,1.000,48
 9,1.994800,1.000,49
18,0.619000,1.000,49
 7,0.569300,1.000,49
10,0.477100,1.000,49
13,0.725900,1.000,49
 5,1.050100,1.000,49
15,1.288300,1.000,49
16,1.035500,1.000,49
12,0.643200,1.000,49
 6,0.461500,1.000,49
17,1.064700,1.000,49
 2,1.092500,1.000,49
14,0.823500,1.000,49
 4,0.548900,1.000,49
11,0.918800,1.000,49
 3,0.491500,1.000,49
 8,1.028600,1.000,49
 1,1.584100,1.000,49
 9,4.876300,1.000,50
18,0.574900,1.000,50
 7,0.542000,1.000,50
10,0.540500,1.000,50
13,0.616800,1.000,50
 5,0.562200,1.000,50
15,0.657700,1.000,50
16,0.894800,1.000,50
12,0.559500,1.000,50
 6,0.446500,1.000,50
17,1.001400,0.000,50
 2,1.215000,1.000,50
14,0.782600,1.000,50
 4,0.654600,1.000,50
11,0.830900,1.000,50
 3,0.707800,1.000,50
 8,1.136500,1.000,50
 1,1.414100,1.000,50
 9,1.047800,1.000,51
18,0.607600,1.000,51
 7,0.550500,1.000,51
10,0.452100,1.000,51
13,0.649600,1.000,51
 5,0.901200,1.000,51
15,0.665300,1.000,51
16,0.487800,1.000,51
12,1.039800,1.000,51
 6,0.430100,1.000,51
17,1.113600,1.000,51
 2,1.728000,0.000,51
14,0.790900,1.000,51
 4,0.543500,1.000,51
11,0.617400,1.000,51
 3,0.455900,1.000,51
 8,0.933000,1.000,51
 1,1.066600,1.000,51
 9,1.289800,1.000,52
18,0.948100,1.000,52
 7,0.657500,1.000,52
10,0.516600,1.000,52
13,1.089300,1.000,52
 5,0.862400,1.000,52
15,1.697200,1.000,52
16,0.911500,1.000,52
12,1.155300,1.000,52
 6,0.483900,1.000,52
17,1.016800,0.000,52
 2,1.438500,0.000,52
14,0.896800,1.000,52
 4,0.573800,1.000,52
11,1.887000,1.000,52
 3,0.506800,1.000,52
 8,1.296400,1.000,52
 1,1.293200,1.000,52
 9,1.139900,1.000,53
18,0.525800,1.000,53
 7,0.594500,1.000,53
10,0.542800,1.000,53
13,0.594500,1.000,53
 5,0.529400,1.000,53
15,1.066700,1.000,53
16,0.816700,1.000,53
12,0.658000,1.000,53
 6,0.474000,1.000,53
17,0.693900,1.000,53
 2,1.334700,0.000,53
14,0.886200,1.000,53
 4,0.515200,1.000,53
11,1.211500,1.000,53
 3,0.506300,1.000,53
 8,0.629900,1.000,53
 1,0.747800,1.000,53
 9,1.049100,1.000,54
18,0.498100,1.000,54
 7,0.575600,1.000,54
10,0.548900,1.000,54
13,0.490800,1.000,54
 5,0.475100,1.000,54
15,1.067200,1.000,54
16,0.768000,1.000,54
12,0.616700,1.000,54
 6,0.437900,1.000,54
17,0.716600,0.000,54
 2,2.094500,1.000,54
14,0.986900,1.000,54
 4,0.454100,1.000,54
11,0.994900,1.000,54
 3,0.436600,1.000,54
 8,0.635900,1.000,54
 1,1.018400,1.000,54
 9,2.180800,1.000,55
18,0.480100,1.000,55
 7,0.557400,1.000,55
10,0.479700,1.000,55
13,0.496100,1.000,55
 5,0.446000,1.000,55
15,1.800000,1.000,55
16,0.618800,1.000,55
12,0.563800,1.000,55
 6,0.498000,1.000,55
17,1.568100,1.000,55
 2,0.921400,1.000,55
14,0.708900,1.000,55
 4,0.504800,1.000,55
11,0.938500,1.000,55
 3,0.765300,1.000,55
 8,0.484100,1.000,55
 1,0.939100,1.000,55
 9,1.484800,1.000,56
18,0.502000,1.000,56
 7,0.550100,1.000,56
10,0.474600,1.000,56
13,0.495800,1.000,56
 5,0.485100,1.000,56
15,1.130800,1.000,56
16,0.405500,1.000,56
12,0.543100,1.000,56
 6,0.367600,1.000,56
17,1.514200,0.000,56
 2,2.446600,1.000,56
14,0.591900,1.000,56
 4,0.561900,1.000,56
11,0.414700,1.000,56
 3,0.501700,1.000,56
 8,0.501900,1.000,56
 1,0.829500,1.000,56
 9,1.054500,1.000,57
18,0.705900,1.000,57
 7,0.587000,1.000,57
10,0.425500,1.000,57
13,0.474100,1.000,57
 5,0.619000,1.000,57
15,0.701700,1.000,57
16,0.387600,1.000,57
12,0.583700,1.000,57
 6,0.485400,1.000,57
17,1.656200,1.000,57
 2,1.386100,1.000,57
14,0.757100,1.000,57
 4,0.495500,1.000,57
11,0.777100,1.000,57
 3,0.378800,1.000,57
 8,0.543500,1.000,57
 1,0.858200,1.000,57
 9,1.291000,1.000,58
18,0.663100,1.000,58
 7,0.568700,1.000,58
10,0.476200,1.000,58
13,0.571200,1.000,58
 5,0.601600,1.000,58
15,0.659300,1.000,58
16,0.481500,1.000,58
12,0.745800,1.000,58
 6,0.474600,1.000,58
17,1.167500,0.000,58
 2,1.618700,0.000,58
14,0.870800,1.000,58
 4,0.500300,1.000,58
11,0.780600,1.000,58
 3,2.191700,1.000,58
 8,0.681300,1.000,58
 1,1.056800,1.000,58
 9,1.036900,1.000,59
18,0.437800,1.000,59
 7,0.528700,1.000,59
10,0.425600,1.000,59
13,0.559700,1.000,59
 5,0.607500,1.000,59
15,0.255500,1.000,59
16,0.449600,1.000,59
12,0.500600,1.000,59
 6,0.398300,1.000,59
17,1.506600,1.000,59
 2,1.162400,0.000,59
14,0.685900,1.000,59
 4,0.472700,1.000,59
11,0.791600,1.000,59
 3,1.169200,1.000,59
 8,0.444100,1.000,59
 1,0.883900,1.000,59
 9,1.034900,1.000,60
18,0.448900,1.000,60
 7,0.559500,1.000,60
10,0.469200,1.000,60
13,1.617000,1.000,60
 5,0.559400,1.000,60
15,0.763200,1.000,60
16,0.477700,1.000,60
12,0.453600,1.000,60
 6,0.424500,1.000,60
17,1.470700,1.000,60
 2,4.434400,1.000,60
14,1.159100,1.000,60
 4,0.510900,1.000,60
11,0.650400,1.000,60
 3,1.518700,1.000,60
 8,0.524600,1.000,60
 1,0.667300,1.000,60
 9,1.258100,1.000,61
18,0.730200,1.000,61
 7,0.455600,1.000,61
10,0.501700,1.000,61
13,0.588700,1.000,61
 5,0.494000,1.000,61
15,0.988800,1.000,61
16,0.622900,1.000,61
12,0.640500,1.000,61
 6,0.415900,1.000,61
17,1.131000,0.000,61
 2,4.854500,1.000,61
14,1.059100,1.000,61
 4,0.519600,1.000,61
11,1.293000,1.000,61
 3,0.405000,1.000,61
 8,0.558100,1.000,61
 1,0.876600,1.000,61
 9,0.987200,1.000,62
18,0.446200,1.000,62
 7,0.667700,1.000,62
10,0.493900,1.000,62
13,0.685700,1.000,62
 5,0.477900,1.000,62
15,0.658100,1.000,62
16,0.472500,1.000,62
12,1.025400,1.000,62
 6,0.352700,1.000,62
17,1.721900,0.000,62
 2,1.831100,0.000,62
14,0.687500,1.000,62
 4,0.680100,1.000,62
11,1.124000,1.000,62
 3,0.569900,1.000,62
 8,0.471400,1.000,62
 1,1.309300,1.000,62
 9,1.224100,1.000,63
18,0.522000,1.000,63
 7,1.018000,1.000,63
10,0.496200,1.000,63
13,1.008400,1.000,63
 5,0.650000,1.000,63
15,0.496400,1.000,63
16,0.599500,1.000,63
12,0.619400,1.000,63
 6,0.600600,1.000,63
17,2.660900,1.000,63
 2,1.171000,0.000,63
14,0.873700,1.000,63
 4,0.901100,1.000,63
11,1.044300,1.000,63
 3,0.502500,1.000,63
 8,0.466600,1.000,63
 1,1.026100,1.000,63
 9,0.853100,1.000,64
18,0.783900,1.000,64
 7,0.570000,1.000,64
10,0.717800,1.000,64
13,0.672900,1.000,64
 5,0.450300,1.000,64
15,0.634000,1.000,64
16,0.928100,1.000,64
12,0.573500,1.000,64
 6,0.405100,1.000,64
17,1.813900,0.000,64
 2,1.844700,1.000,64
14,1.154000,1.000,64
 4,0.459300,1.000,64
11,0.824100,1.000,64
 3,0.455800,1.000,64
 8,0.897500,1.000,64
 1,1.113700,1.000,64
 9,0.873400,1.000,65
18,0.462200,1.000,65
 7,0.477300,1.000,65
10,0.463400,1.000,65
13,0.487400,1.000,65
 5,0.685200,1.000,65
15,0.718800,1.000,65
16,0.405900,1.000,65
12,0.509700,1.000,65
 6,0.337200,1.000,65
17,1.399400,0.000,65
 2,0.932900,1.000,65
14,0.963500,1.000,65
 4,0.502100,1.000,65
11,1.108500,1.000,65
 3,0.428100,1.000,65
 8,0.656200,1.000,65
 1,1.012800,1.000,65
 9,0.735600,1.000,66
18,0.459800,1.000,66
 7,0.478200,1.000,66
10,0.516700,1.000,66
13,0.523800,1.000,66
 5,0.712000,1.000,66
15,0.552100,1.000,66
16,0.483500,1.000,66
12,0.449400,1.000,66
 6,0.429300,1.000,66
17,0.819700,0.000,66
 2,1.147500,0.000,66
14,0.716900,1.000,66
 4,0.442200,1.000,66
11,1.594400,1.000,66
 3,0.472100,1.000,66
 8,0.260000,1.000,66
 1,0.687600,1.000,66
 9,0.650600,1.000,67
18,0.471500,1.000,67
 7,0.582000,1.000,67
10,0.498200,1.000,67
13,0.772500,1.000,67
 5,0.495800,1.000,67
15,0.953700,1.000,67
16,0.435200,1.000,67
12,0.444200,1.000,67
 6,0.434600,1.000,67
17,0.721600,0.000,67
 2,1.301500,0.000,67
14,0.610000,1.000,67
 4,0.508900,1.000,67
11,1.052600,1.000,67
 3,0.513000,1.000,67
 8,0.536600,1.000,67
 1,0.631400,1.000,67
 9,0.814100,1.000,68
18,0.568900,1.000,68
 7,0.472900,1.000,68
10,0.413200,1.000,68
13,1.625300,1.000,68
 5,0.586300,1.000,68
15,0.684300,1.000,68
16,0.474800,1.000,68
12,0.537900,1.000,68
 6,0.394800,1.000,68
17,0.696700,0.000,68
 2,1.056600,0.000,68
14,0.579500,1.000,68
 4,0.473800,1.000,68
11,0.880700,1.000,68
 3,0.638700,1.000,68
 8,0.614100,1.000,68
 1,0.758700,1.000,68
 9,0.616800,1.000,69
18,0.620500,1.000,69
 7,0.451700,1.000,69
10,0.655300,1.000,69
13,0.716100,1.000,69
 5,0.470200,1.000,69
15,0.476200,1.000,69
16,0.667800,1.000,69
12,0.498900,1.000,69
 6,0.570100,1.000,69
17,1.756500,0.000,69
 2,4.626000,0.000,69
14,0.863400,1.000,69
 4,0.675100,1.000,69
11,1.579800,1.000,69
 3,0.354500,1.000,69
 8,0.666000,1.000,69
 1,2.135600,1.000,69
 9,0.941700,1.000,70
18,0.548300,1.000,70
 7,0.513500,1.000,70
10,0.964900,1.000,70
13,0.786600,1.000,70
 5,1.938800,1.000,70
15,1.038100,1.000,70
16,0.489100,1.000,70
12,0.481800,1.000,70
 6,0.410700,1.000,70
17,0.926400,0.000,70
 2,0.816500,1.000,70
14,0.896200,1.000,70
 4,0.591200,1.000,70
11,0.973300,1.000,70
 3,0.449100,1.000,70
 8,0.562400,1.000,70
 1,0.662200,1.000,70
 9,0.747200,1.000,71
18,0.570200,1.000,71
 7,0.569200,1.000,71
10,1.076800,1.000,71
13,0.703400,1.000,71
 5,0.573500,1.000,71
15,0.476800,1.000,71
16,0.687100,1.000,71
12,0.553000,1.000,71
 6,0.465800,1.000,71
17,3.006000,1.000,71
 2,0.535900,1.000,71
14,0.715300,1.000,71
 4,0.448700,1.000,71
11,0.931700,1.000,71
 3,0.401200,1.000,71
 8,0.472800,1.000,71
 1,0.617300,1.000,71
 9,0.488400,1.000,72
18,0.519500,1.000,72
 7,0.490600,1.000,72
10,0.512200,1.000,72
13,0.537100,1.000,72
 5,0.715300,1.000,72
15,0.650700,1.000,72
16,0.485400,1.000,72
12,0.472000,1.000,72
 6,0.426300,1.000,72
17,1.226700,1.000,72
 2,2.315400,0.000,72
14,0.795900,1.000,72
 4,0.519500,1.000,72
11,0.910400,1.000,72
 3,0.394900,1.000,72
 8,0.669500,1.000,72
 1,2.637800,1.000,72
 9,0.608100,1.000,73
18,0.557700,1.000,73
 7,0.605800,1.000,73
10,1.914400,1.000,73
13,0.525800,1.000,73
 5,0.998000,1.000,73
15,0.513000,1.000,73
16,0.445900,1.000,73
12,0.557300,1.000,73
 6,0.353100,1.000,73
17,1.551900,1.000,73
 2,1.223000,1.000,73
14,0.946100,1.000,73
 4,0.461100,1.000,73
11,0.830900,1.000,73
 3,0.416400,1.000,73
 8,0.980500,1.000,73
 1,1.695000,1.000,73
 9,0.650300,1.000,74
18,1.222000,1.000,74
 7,0.438200,1.000,74
10,3.418400,1.000,74
13,0.882600,1.000,74
 5,0.548400,1.000,74
15,0.772700,1.000,74
16,0.620800,1.000,74
12,0.567900,1.000,74
 6,0.469200,1.000,74
17,1.040400,1.000,74
 2,2.977000,1.000,74
14,0.824300,1.000,74
 4,0.457800,1.000,74
11,0.553100,1.000,74
 3,0.430800,1.000,74
 8,0.602500,1.000,74
 1,1.217300,1.000,74
 9,0.698300,1.000,75
18,0.726800,1.000,75
 7,0.519100,1.000,75
10,0.486500,1.000,75
13,1.637100,1.000,75
 5,0.650800,1.000,75
15,0.586200,1.000,75
16,0.417400,1.000,75
12,1.419400,1.000,75
 6,0.406900,1.000,75
17,0.743700,1.000,75
 2,6.868700,1.000,75
14,0.765900,1.000,75
 4,0.585300,1.000,75
11,1.139200,1.000,75
 3,0.375900,1.000,75
 8,0.459500,1.000,75
 1,0.781400,1.000,75
 9,0.900700,1.000,76
18,0.758600,1.000,76
 7,0.699400,1.000,76
10,0.496000,1.000,76
13,0.722400,1.000,76
 5,0.721000,1.000,76
15,0.516300,1.000,76
16,0.940500,1.000,76
12,0.532600,1.000,76
 6,0.621600,1.000,76
17,0.645900,1.000,76
 2,3.595400,1.000,76
14,0.826400,1.000,76
 4,0.662100,1.000,76
11,0.434900,1.000,76
 3,0.374500,1.000,76
 8,0.660100,1.000,76
 1,0.835800,1.000,76
 9,0.717500,1.000,77
18,0.521100,1.000,77
 7,0.637800,1.000,77
10,0.569600,1.000,77
13,0.483400,1.000,77
 5,0.873900,1.000,77
15,0.646300,1.000,77
16,0.674300,1.000,77
12,0.780300,1.000,77
 6,0.488600,1.000,77
17,0.470300,1.000,77
 2,2.793700,1.000,77
14,1.025300,1.000,77
 4,0.647800,1.000,77
11,0.442600,1.000,77
 3,0.429900,1.000,77
 8,0.458500,1.000,77
 1,1.505900,1.000,77
 9,0.816300,1.000,78
18,0.597800,1.000,78
 7,0.492000,1.000,78
10,0.563000,1.000,78
13,0.456900,1.000,78
 5,0.538300,1.000,78
15,2.416500,1.000,78
16,0.726900,1.000,78
12,0.757300,1.000,78
 6,0.481600,1.000,78
17,0.519700,1.000,78
 2,2.507600,1.000,78
14,0.850800,1.000,78
 4,0.599100,1.000,78
11,0.550800,1.000,78
 3,0.483700,1.000,78
 8,0.464000,1.000,78
 1,3.057500,1.000,78
 9,0.685200,1.000,79
18,0.698800,1.000,79
 7,0.543400,1.000,79
10,0.466500,1.000,79
13,0.573300,1.000,79
 5,0.763000,1.000,79
15,3.449200,1.000,79
16,0.752100,1.000,79
12,0.524200,1.000,79
 6,0.561700,1.000,79
17,0.798900,1.000,79
 2,5.367100,1.000,79
14,0.601800,1.000,79
 4,0.472300,1.000,79
11,0.378400,1.000,79
 3,0.418800,1.000,79
 8,0.453500,1.000,79
 1,1.005200,1.000,79
 9,0.502700,1.000,80
18,0.437800,1.000,80
 7,0.509200,1.000,80
10,1.052300,1.000,80
13,0.677500,1.000,80
 5,0.521200,1.000,80
15,0.639100,1.000,80
16,0.737400,1.000,80
12,0.652100,1.000,80
 6,0.395800,1.000,80
17,0.539600,1.000,80
 2,3.597800,1.000,80
14,0.621800,1.000,80
 4,0.463600,1.000,80
11,0.471000,1.000,80
 3,0.463100,1.000,80
 8,0.972200,1.000,80
 1,0.690000,1.000,80
 9,0.623600,1.000,81
18,0.531700,1.000,81
 7,0.522600,1.000,81
10,0.507000,1.000,81
13,0.882200,1.000,81
 5,1.034600,1.000,81
15,2.010900,1.000,81
16,0.511500,1.000,81
12,0.669600,1.000,81
 6,0.527600,1.000,81
17,1.467900,1.000,81
 2,2.625200,1.000,81
14,0.688200,1.000,81
 4,0.473500,1.000,81
11,0.452000,1.000,81
 3,0.399400,1.000,81
 8,1.041900,1.000,81
 1,0.790800,1.000,81
 9,0.611200,1.000,82
18,0.464800,1.000,82
 7,0.490100,1.000,82
10,1.237500,1.000,82
13,0.735100,1.000,82
 5,0.596500,1.000,82
15,0.949200,1.000,82
16,0.591000,1.000,82
12,0.594200,1.000,82
 6,0.439900,1.000,82
17,1.278900,1.000,82
 2,3.255700,1.000,82
14,0.527400,1.000,82
 4,0.480900,1.000,82
11,0.408000,1.000,82
 3,0.414500,1.000,82
 8,0.480200,1.000,82
 1,1.315600,1.000,82
 9,0.562100,1.000,83
18,0.455300,1.000,83
 7,0.498900,1.000,83
10,3.131000,1.000,83
13,0.676300,1.000,83
 5,0.483200,1.000,83
15,0.576500,1.000,83
16,0.767100,1.000,83
12,2.254300,1.000,83
 6,0.439000,1.000,83
17,1.213400,1.000,83
 2,3.831700,1.000,83
14,0.620900,1.000,83
 4,0.509900,1.000,83
11,0.679800,1.000,83
 3,0.390600,1.000,83
 8,0.510000,1.000,83
 1,0.947400,1.000,83
 9,0.608900,1.000,84
18,0.490400,1.000,84
 7,0.609900,1.000,84
10,0.676800,1.000,84
13,0.745600,1.000,84
 5,0.603000,1.000,84
15,0.895400,1.000,84
16,0.616100,1.000,84
12,0.687700,1.000,84
 6,0.401400,1.000,84
17,1.208200,1.000,84
 2,2.801000,1.000,84
14,0.635200,1.000,84
 4,0.454000,1.000,84
11,0.869400,1.000,84
 3,0.410500,1.000,84
 8,0.810100,1.000,84
 1,0.857200,1.000,84
 9,0.601400,1.000,85
18,0.451000,1.000,85
 7,0.493700,1.000,85
10,0.474500,1.000,85
13,0.574900,1.000,85
 5,0.686200,1.000,85
15,0.600300,1.000,85
16,1.028900,1.000,85
12,0.633900,1.000,85
 6,0.380900,1.000,85
17,0.675000,1.000,85
 2,2.377800,1.000,85
14,0.956200,1.000,85
 4,0.547100,1.000,85
11,0.920000,1.000,85
 3,0.476800,1.000,85
 8,0.736200,1.000,85
 1,0.674100,1.000,85
 9,2.077700,1.000,86
18,0.626800,1.000,86
 7,0.573500,1.000,86
10,0.437200,1.000,86
13,0.492800,1.000,86
 5,1.044200,1.000,86
15,0.874600,1.000,86
16,0.874300,1.000,86
12,2.168800,1.000,86
 6,0.746700,1.000,86
17,0.728600,1.000,86
 2,1.730100,1.000,86
14,0.919300,1.000,86
 4,0.447400,1.000,86
11,0.897500,1.000,86
 3,0.443600,1.000,86
 8,1.004100,1.000,86
 1,0.915500,1.000,86
 9,0.821100,1.000,87
18,0.440300,1.000,87
 7,0.502500,1.000,87
10,0.537600,1.000,87
13,0.804100,1.000,87
 5,0.661200,1.000,87
15,0.777700,1.000,87
16,0.918700,1.000,87
12,1.783000,1.000,87
 6,0.372300,1.000,87
17,0.526700,1.000,87
 2,0.798600,1.000,87
14,1.609400,1.000,87
 4,0.524100,1.000,87
11,0.595000,1.000,87
 3,0.452200,1.000,87
 8,0.745400,1.000,87
 1,1.203600,1.000,87
 9,0.451700,1.000,88
18,0.447900,1.000,88
 7,0.452300,1.000,88
10,0.454300,1.000,88
13,0.524900,1.000,88
 5,0.456900,1.000,88
15,1.615900,1.000,88
16,0.923600,1.000,88
12,1.247600,1.000,88
 6,0.361000,1.000,88
17,0.505500,1.000,88
 2,2.090100,1.000,88
14,1.025900,1.000,88
 4,0.477500,1.000,88
11,0.449700,1.000,88
 3,0.432800,1.000,88
 8,0.863800,1.000,88
 1,0.909300,1.000,88
 9,0.526900,1.000,89
18,0.459700,1.000,89
 7,0.565700,1.000,89
10,0.565800,1.000,89
13,0.616800,1.000,89
 5,1.150100,1.000,89
15,1.649600,1.000,89
16,0.594800,1.000,89
12,1.378100,1.000,89
 6,0.422400,1.000,89
17,0.642200,1.000,89
 2,3.707700,1.000,89
14,0.688300,1.000,89
 4,0.480800,1.000,89
11,1.593500,1.000,89
 3,0.584700,1.000,89
 8,0.708700,1.000,89
 1,0.980800,1.000,89
 9,0.603400,1.000,90
18,0.482800,1.000,90
 7,0.460300,1.000,90
10,0.537000,1.000,90
13,0.566800,1.000,90
 5,0.604000,1.000,90
15,0.713100,1.000,90
16,0.538500,1.000,90
12,1.722700,1.000,90
 6,0.324100,1.000,90
17,0.548200,1.000,90
 2,1.518700,1.000,90
14,0.806900,1.000,90
 4,0.493900,1.000,90
11,2.150800,1.000,90
 3,0.466200,1.000,90
 8,0.607500,1.000,90
 1,2.311200,1.000,90
 9,0.825100,1.000,91
18,0.669100,1.000,91
 7,0.494200,1.000,91
10,0.391300,1.000,91
13,0.622000,1.000,91
 5,1.801700,1.000,91
15,0.627000,1.000,91
16,0.805600,1.000,91
12,0.926600,1.000,91
 6,0.316400,1.000,91
17,0.994200,1.000,91
 2,3.489300,1.000,91
14,0.693300,1.000,91
 4,0.489100,1.000,91
11,0.513300,1.000,91
 3,0.400600,1.000,91
 8,0.389600,1.000,91
 1,3.817000,1.000,91
 9,0.894900,1.000,92
18,0.993900,1.000,92
 7,0.479300,1.000,92
10,0.896700,1.000,92
13,0.731500,1.000,92
 5,0.808300,1.000,92
15,1.381100,1.000,92
16,0.652800,1.000,92
12,1.023400,1.000,92
 6,0.524800,1.000,92
17,1.225400,0.000,92
 2,2.675600,1.000,92
14,0.783000,1.000,92
 4,0.443500,1.000,92
11,0.546100,1.000,92
 3,0.434800,1.000,92
 8,0.882700,1.000,92
 1,2.479200,1.000,92
 9,0.645000,1.000,93
18,1.049900,1.000,93
 7,0.434200,1.000,93
10,2.856900,1.000,93
13,0.881500,1.000,93
 5,0.511900,1.000,93
15,0.693200,1.000,93
16,0.874500,1.000,93
12,0.882200,1.000,93
 6,0.915800,1.000,93
17,1.423400,1.000,93
 2,2.258700,1.000,93
14,0.679100,1.000,93
 4,0.433300,1.000,93
11,0.510100,1.000,93
 3,0.407700,1.000,93
 8,1.433300,1.000,93
 1,1.129700,1.000,93
 9,0.551300,1.000,94
18,0.562300,1.000,94
 7,0.493600,1.000,94
10,0.514500,1.000,94
13,0.661500,1.000,94
 5,0.545700,1.000,94
15,1.264400,1.000,94
16,0.544300,1.000,94
12,0.981800,1.000,94
 6,0.431700,1.000,94
17,1.683000,0.000,94
 2,1.954800,1.000,94
14,0.699900,1.000,94
 4,0.472700,1.000,94
11,1.430800,1.000,94
 3,0.513900,1.000,94
 8,2.605600,1.000,94
 1,0.630200,1.000,94
 9,0.526100,1.000,95
18,0.528000,1.000,95
 7,0.541700,1.000,95
10,0.501400,1.000,95
13,1.243500,1.000,95
 5,0.592100,1.000,95
15,0.625100,1.000,95
16,0.447400,1.000,95
12,4.093400,1.000,95
 6,3.822300,1.000,95
17,1.175900,1.000,95
 2,0.819900,0.000,95
14,0.971200,1.000,95
 4,0.494000,1.000,95
11,1.095800,1.000,95
 3,0.477700,1.000,95
 8,0.907100,1.000,95
 1,0.706700,1.000,95
 9,0.518800,1.000,96
18,0.901700,1.000,96
 7,0.476300,1.000,96
10,0.485200,1.000,96
13,0.582700,1.000,96
 5,0.883400,1.000,96
15,0.810300,1.000,96
16,0.755500,1.000,96
12,2.692200,1.000,96
 6,0.834600,1.000,96
17,1.310500,0.000,96
 2,1.434800,0.000,96
14,0.784600,1.000,96
 4,0.531800,1.000,96
11,0.819300,1.000,96
 3,0.490000,1.000,96
 8,0.660100,1.000,96
 1,0.786500,1.000,96
 9,0.610300,1.000,97
18,1.039400,1.000,97
 7,0.447900,1.000,97
10,0.723000,1.000,97
13,0.533000,1.000,97
 5,0.590700,1.000,97
15,1.312600,1.000,97
16,0.794000,1.000,97
12,1.783500,1.000,97
 6,0.378500,1.000,97
17,1.420400,1.000,97
 2,2.072200,1.000,97
14,0.660000,1.000,97
 4,0.496200,1.000,97
11,1.112000,1.000,97
 3,0.428300,1.000,97
 8,2.327600,1.000,97
 1,0.856400,1.000,97
 9,0.499200,1.000,98
18,0.544900,1.000,98
 7,0.423700,1.000,98
10,0.547700,1.000,98
13,0.601100,1.000,98
 5,0.588100,1.000,98
15,0.867000,1.000,98
16,0.422500,1.000,98
12,0.514400,1.000,98
 6,0.535600,1.000,98
17,1.216700,0.000,98
 2,2.212100,1.000,98
14,0.859400,1.000,98
 4,0.495300,1.000,98
11,0.740000,1.000,98
 3,0.435000,1.000,98
 8,0.911600,1.000,98
 1,0.696900,1.000,98
 9,0.623500,1.000,99
18,0.553200,1.000,99
 7,0.456800,1.000,99
10,0.430200,1.000,99
13,0.635600,1.000,99
 5,0.513400,1.000,99
15,3.484900,1.000,99
16,0.456600,1.000,99
12,0.463500,1.000,99
 6,0.410800,1.000,99
17,1.147700,1.000,99
 2,0.938300,1.000,99
14,0.516900,1.000,99
 4,0.435800,1.000,99
11,0.427300,1.000,99
 3,1.216600,1.000,99
 8,0.648500,1.000,99
 1,1.131800,1.000,99
 9,0.767100,1.000,100
18,0.490300,1.000,100
 7,0.408700,1.000,100
10,0.433900,1.000,100
13,0.724600,1.000,100
 5,0.621300,1.000,100
15,2.836600,1.000,100
16,0.697700,1.000,100
12,0.465300,1.000,100
 6,0.361800,1.000,100
17,0.689500,0.000,100
 2,0.783100,0.000,100
14,0.694000,1.000,100
 4,0.453400,1.000,100
11,0.764800,1.000,100
 3,0.916300,1.000,100
 8,3.275900,1.000,100
 1,0.722200,1.000,100
