"Code","Condition","SVO.Score","Round","Decision","Offer","RT"
31810627,"Intuitive",18.434948822922,1,"Acc",9,9.34400000000005
38452435,"Intuitive",7.81529354676688,1,"Acc",9,20.0940000000001
114251020,"Control",28.4777430083595,1,"Acc",9,7.65700000000015
114251837,"Intuitive",16.260204708312,1,"Acc",7,12.3279999999995
114382235,"Reflective",18.9432630612515,1,"Acc",9,20.8289999999997
114811521,"Reflective",7.81529354676688,1,"Acc",9,10.9529999999995
114812301,"Intuitive",45,1,"Acc",9,3.09400000000005
115850905,"Intuitive",9.57908233476071e-15,1,"Acc",9,5.79700000000048
125290304,"Control",37.4824114277185,1,"Acc",9,10.094
125812308,"Intuitive",26.8725389916558,1,"Acc",9,8.11000000000058
129692408,"Intuitive",20.7332115674668,1,"Acc",9,13.844
131852625,"Control",11.5346206536447,1,"Acc",9,10.9070000000001
135410106,"Intuitive",-5.46187584631396,1,"Acc",9,14.1880000000001
141931012,"Control",35.7617070687069,1,"Acc",9,11.8429999999999
149582652,"Control",33.4325601384009,1,"Acc",9,5.219
161352335,"Control",14.203937953514,1,"Acc",9,14.6410000000001
181652608,"Intuitive",37.0928372970415,1,"Acc",9,9.01599999999962
191850490,"Intuitive",7.81529354676688,1,"Acc",9,8.485
208450435,"Control",7.81529354676688,1,"Acc",9,12.047
208851835,"Control",26.8725389916558,1,"Acc",9,11.75
251292867,"Control",16.6543063769233,1,"Acc",9,9
252652646,"Control",7.81529354676688,1,"Acc",9,7.656
312181449,"Reflective",25.1756871190605,1,"Acc",9,7.45300000000043
316150112,"Reflective",18.1084806779306,1,"Acc",9,12.969
318212509,"Reflective",7.81529354676688,1,"Acc",9,8.21900000000005
381933137,"Reflective",22.9821476918694,1,"Acc",9,13.5
411390749,"Reflective",7.81529354676688,1,"Acc",9,5.75
411850209,"Reflective",24.6148730721051,1,"Rej",5,12.1400000000003
415791916,"Reflective",12.5533665501306,1,"Acc",9,7.25
451310607,"Intuitive",7.81529354676688,1,"Acc",9,10.8600000000006
452690537,"Reflective",16.260204708312,1,"Acc",6,11.6100000000006
491931712,"Intuitive",7.81529354676688,1,"Acc",9,9.70299999999997
618492001,"Control",7.81529354676688,1,"Acc",9,7.75
651010705,"Reflective",23.8387401831717,1,"Acc",9,8.875
1011891815,"Intuitive",22.5670090778746,1,"Acc",9,15.375
1012390559,"Intuitive",37.0136158549098,1,"Acc",9,9.70399999999972
1017181538,"Control",37.4824114277185,1,"Acc",9,17.8440000000001
1052310418,"Reflective",37.4824114277185,1,"Acc",9,13.875
1111560221,"Reflective",28.6104596659652,1,"Acc",9,4.90599999999995
1112691640,"Intuitive",19.942384581697,1,"Acc",9,9.67100000000028
1127120906,"Control",34.8753283446022,1,"Acc",9,21.719
1141292605,"Reflective",37.4824114277185,1,"Acc",7,9.95299999999997
1141812844,"Control",7.81529354676688,1,"Acc",9,7.21900000000005
1142211220,"Control",37.4824114277185,1,"Acc",9,6.73400000000038
1147180702,"Reflective",7.81529354676688,1,"Acc",9,7.17200000000048
1151890521,"Reflective",7.81529354676688,1,"Acc",9,5.4380000000001
1215811002,"Intuitive",46.7357045889284,1,"Acc",9,9.5619999999999
1241952005,"Reflective",16.260204708312,1,"Acc",9,9.3119999999999
1255140310,"Control",26.8725389916558,1,"Acc",9,7.20300000000043
1311351408,"Intuitive",22.5670090778746,1,"Acc",9,5.95299999999998
1311931911,"Reflective",34.8753283446022,1,"Acc",9,9.60899999999992
1311950105,"Control",7.81529354676688,1,"Acc",9,12.8429999999999
1312182935,"Reflective",9.00850374202517,1,"Acc",9,10.2179999999999
1314252327,"Reflective",45,1,"Acc",9,11.2339999999999
1315852607,"Control",37.0928372970415,1,"Acc",9,3.84400000000005
1317123030,"Intuitive",15.2145409623114,1,"Acc",8,12.9840000000004
1351351216,"Intuitive",25.0018116728382,1,"Acc",9,20.7809999999999
1352350311,"Intuitive",-7.81529354676687,1,"Acc",9,20.8909999999996
1391450136,"Intuitive",16.260204708312,1,"Acc",9,6.73499999999967
1391992127,"Control",7.81529354676688,1,"Acc",9,16.1089999999995
1392180105,"Intuitive",32.0053832080835,1,"Acc",9,10.375
1411932811,"Control",36.6129676213405,1,"Acc",9,5.01500000000033
1412182614,"Control",45,1,"Acc",9,12.172
1491112569,"Reflective",29.00641590227,1,"Acc",9,8.17199999999957
1491930790,"Control",5.91392904080057,1,"Acc",9,7.65599999999995
1498290124,"Reflective",4.76364169072618,1,"Rej",9,4.86
1499181630,"Reflective",9.8966719676691,1,"Acc",9,6.6880000000001
1512211934,"Control",32.5279020507988,1,"Acc",9,6.67199999999957
1611011405,"Control",34.8753283446022,1,"Acc",9,13.656
1612181710,"Intuitive",37.0928372970415,1,"Acc",9,4.96900000000005
1681120634,"Control",34.8753283446022,1,"Acc",9,8.32799999999997
1681253002,"Reflective",31.1639506143602,1,"Acc",9,13.4070000000001
1852351249,"Control",23.5899901707433,1,"Acc",9,17.1719999999996
1891852736,"Reflective",13.4778227532413,1,"Acc",9,10.625
1911930583,"Control",15.6514064538554,1,"Acc",9,6.5
1992613006,"Intuitive",7.81529354676688,1,"Acc",9,17.1869999999999
1998150918,"Intuitive",45,1,"Acc",8,8.25
1998151281,"Control",7.81529354676688,1,"Acc",9,11.9209999999998
2011930504,"Intuitive",7.81529354676688,1,"Acc",9,9.46900000000005
2081930914,"Intuitive",2.02136494035603,1,"Acc",9,11.1570000000001
2251930306,"Reflective",8.76317912558711,1,"Acc",9,6.04700000000048
2291293135,"Reflective",7.81529354676688,1,"Acc",9,5.6880000000001
2299121632,"Reflective",32.1581037158278,1,"Acc",9,7.60900000000038
2516121436,"Intuitive",7.93826452354549,1,"Acc",9,16.25
2518151857,"Intuitive",-7.81529354676687,1,"Acc",9,8.23499999999967
2519201622,"Reflective",27.2040110760696,1,"Acc",9,10.9070000000001
3819202609,"Intuitive",23.5899901707433,1,"Acc",9,11.125
4118150609,"Intuitive",-13.0456370629486,1,"Acc",9,3.98399999999992
5122312404,"Control",21.7570972140475,1,"Acc",9,9
6121660921,"Intuitive",7.81529354676688,1,"Acc",6,5.92200000000048
6121852605,"Control",10.3851769867767,1,"Acc",9,9.14099999999962
6181310709,"Intuitive",21.932420948982,1,"Acc",9,8.45299999999997
6181932503,"Control",34.8753283446022,1,"Acc",9,5.96799999999985
6510213074,"Intuitive",5.82180374999988,1,"Acc",9,7.73400000000038
6511291824,"Control",41.0384731174898,1,"Acc",9,20.2339999999999
7519200418,"Reflective",6.59060876814889,1,"Acc",9,10.9380000000001
9121392535,"Control",22.7732156143502,1,"Acc",9,5.6880000000001
10151190635,"Reflective",18.841295056231,1,"Acc",9,5.95299999999998
10151310502,"Intuitive",28.6104596659652,1,"Acc",9,7.48499999999967
10151930823,"Control",23.8387401831717,1,"Acc",9,12.828
10151932240,"Control",20.9698255524625,1,"Acc",9,7.75
10151951431,"Intuitive",7.81529354676688,1,"Rej",9,14.6869999999999
10212152137,"Reflective",7.81529354676688,1,"Acc",9,11.2340000000004
10215130409,"Intuitive",9.57908233476071e-15,1,"Acc",9,5.39100000000053
10510152732,"Intuitive",27.5076754748896,1,"Acc",9,15.125
10515200349,"Reflective",33.8220852174939,1,"Acc",9,7.34400000000005
10519201421,"Intuitive",16.260204708312,1,"Acc",9,14.375
11110212226,"Control",12.8243981022352,1,"Acc",9,10.922
11121141555,"Reflective",7.81529354676688,1,"Acc",9,17.1719999999996
11127182520,"Reflective",30.5977842093342,1,"Acc",9,10.188
11320150220,"Control",12.3247274341374,1,"Acc",9,4.15700000000015
11411290835,"Control",5.82180374999988,1,"Acc",9,18.5780000000004
11414282111,"Intuitive",7.81529354676688,1,"Acc",9,8.36
11419162513,"Reflective",23.8387401831717,1,"Acc",9,15.2650000000003
13110282004,"Control",7.81529354676688,1,"Acc",9,14.8280000000004
13120182311,"Control",7.81529354676688,1,"Acc",9,6.90700000000015
13123150365,"Control",7.81529354676688,1,"Acc",9,11.719
13157180467,"Control",7.81529354676688,1,"Acc",9,8.125
13516210412,"Intuitive",20.5560452195835,1,"Acc",9,9.46799999999985
13911181470,"Control",7.81529354676688,1,"Acc",9,11.219
14121140705,"Reflective",7.54652262443571,1,"Acc",9,5.98400000000038
14913151632,"Intuitive",33.6207860851233,1,"Acc",9,6.85899999999947
14913152603,"Intuitive",31.0906104491822,1,"Acc",9,13.469
14921120821,"Intuitive",-7.81529354676687,1,"Acc",9,12.3119999999999
15121450822,"Intuitive",44.8339257418689,1,"Rej",3,8.6869999999999
16111282119,"Intuitive",18.0504191633375,1,"Acc",9,6.67199999999957
16812211317,"Control",37.4824114277185,1,"Acc",9,6.90599999999995
16820181412,"Reflective",16.260204708312,1,"Acc",9,7.625
18111182341,"Reflective",34.8753283446022,1,"Acc",9,7.375
18151212936,"Reflective",23.8387401831717,1,"Acc",9,8.15599999999995
18151931230,"Control",7.81529354676688,1,"Acc",9,10.672
18152182413,"Reflective",18.9497879271144,1,"Acc",9,10.516
18912150705,"Reflective",26.8725389916558,1,"Acc",9,6.125
19111212422,"Intuitive",34.8753283446022,1,"Acc",9,10.7029999999995
19118151208,"Reflective",25.893646994228,1,"Acc",9,6.59400000000005
19201930903,"Control",30.8810786969436,1,"Acc",9,8
19203122929,"Intuitive",7.81529354676688,1,"Acc",9,16.829
19212210916,"Reflective",7.81529354676688,1,"Acc",9,9.45299999999952
19216151951,"Reflective",34.8753283446022,1,"Acc",9,14.3910000000001
19221290906,"Reflective",10.3851769867767,1,"Acc",9,5.4380000000001
19228152805,"Control",-7.81529354676687,1,"Acc",9,14.0160000000005
20151310935,"Control",34.8753283446022,1,"Acc",9,11.6090000000004
22511122211,"Control",18.028602589613,1,"Acc",9,6.625
22512210131,"Intuitive",9.73173703332263e-15,1,"Acc",9,5.5
22910150521,"Reflective",12.3247274341374,1,"Acc",5,9.375
31211153008,"Reflective",-7.81529354676687,1,"Acc",9,6.375
91911280637,"Intuitive",19.9037495373078,1,"Acc",6,8.921
102111211209,"Intuitive",32.9052429229879,1,"Acc",7,17.6400000000003
102118151706,"Control",-16.260204708312,1,"Acc",9,13.5
122126212035,"Control",7.81529354676688,1,"Acc",9,7.45300000000043
131511181143,"Intuitive",37.4824114277185,1,"Acc",9,8.89100000000008
191515212537,"Control",10.3851769867767,1,"Acc",9,13.6410000000001
192013211630,"Reflective",23.5899901707433,1,"Acc",9,23.375
192022152108,"Reflective",7.81529354676688,1,"Acc",9,9.48400000000038
31810627,"Intuitive",18.434948822922,2,"Acc",6,15.4679999999999
38452435,"Intuitive",7.81529354676688,2,"Acc",9,7.96900000000005
114251020,"Control",28.4777430083595,2,"Rej",6,13.0930000000003
114251837,"Intuitive",16.260204708312,2,"Acc",9,5.875
114382235,"Reflective",18.9432630612515,2,"Acc",9,15.8119999999999
114811521,"Reflective",7.81529354676688,2,"Acc",3,8.23400000000038
114812301,"Intuitive",45,2,"Rej",6,9.51600000000053
115850905,"Intuitive",9.57908233476071e-15,2,"Acc",9,5.79700000000048
125290304,"Control",37.4824114277185,2,"Acc",9,7.40700000000061
125812308,"Intuitive",26.8725389916558,2,"Acc",6,8.78099999999995
129692408,"Intuitive",20.7332115674668,2,"Acc",6,20.6880000000001
131852625,"Control",11.5346206536447,2,"Acc",6,13.031
135410106,"Intuitive",-5.46187584631396,2,"Acc",6,21.2660000000005
141931012,"Control",35.7617070687069,2,"Acc",6,10.9679999999999
149582652,"Control",33.4325601384009,2,"Acc",6,9.235
161352335,"Control",14.203937953514,2,"Rej",6,25.1100000000001
181652608,"Intuitive",37.0928372970415,2,"Rej",6,9.26599999999962
191850490,"Intuitive",7.81529354676688,2,"Acc",9,12.469
208450435,"Control",7.81529354676688,2,"Acc",6,9.094
208851835,"Control",26.8725389916558,2,"Acc",6,15.6400000000003
251292867,"Control",16.6543063769233,2,"Acc",9,5.718
252652646,"Control",7.81529354676688,2,"Rej",6,14.188
312181449,"Reflective",25.1756871190605,2,"Acc",9,5.67200000000048
316150112,"Reflective",18.1084806779306,2,"Acc",9,10.515
318212509,"Reflective",7.81529354676688,2,"Acc",6,10.0470000000005
381933137,"Reflective",22.9821476918694,2,"Acc",6,12.36
411390749,"Reflective",7.81529354676688,2,"Acc",9,5.14100000000008
411850209,"Reflective",24.6148730721051,2,"Acc",9,11.8599999999997
415791916,"Reflective",12.5533665501306,2,"Acc",6,10.031
451310607,"Intuitive",7.81529354676688,2,"Rej",6,7.625
452690537,"Reflective",16.260204708312,2,"Acc",9,23.3130000000001
491931712,"Intuitive",7.81529354676688,2,"Acc",6,12.3440000000005
618492001,"Control",7.81529354676688,2,"Acc",6,6.82799999999998
651010705,"Reflective",23.8387401831717,2,"Rej",6,22.7970000000005
1011891815,"Intuitive",22.5670090778746,2,"Rej",6,17.3130000000001
1012390559,"Intuitive",37.0136158549098,2,"Acc",6,14.625
1017181538,"Control",37.4824114277185,2,"Rej",1,8.875
1052310418,"Reflective",37.4824114277185,2,"Acc",9,10.078
1111560221,"Reflective",28.6104596659652,2,"Acc",8,5.375
1112691640,"Intuitive",19.942384581697,2,"Acc",6,4.78099999999995
1127120906,"Control",34.8753283446022,2,"Acc",6,41.657
1141292605,"Reflective",37.4824114277185,2,"Acc",9,8.53200000000015
1141812844,"Control",7.81529354676688,2,"Acc",8,10.7810000000004
1142211220,"Control",37.4824114277185,2,"Acc",9,6.20300000000043
1147180702,"Reflective",7.81529354676688,2,"Acc",6,5.78099999999995
1151890521,"Reflective",7.81529354676688,2,"Acc",6,6.01500000000033
1215811002,"Intuitive",46.7357045889284,2,"Acc",6,10.1090000000004
1241952005,"Reflective",16.260204708312,2,"Rej",6,8.125
1255140310,"Control",26.8725389916558,2,"Acc",8,9.03099999999995
1311351408,"Intuitive",22.5670090778746,2,"Rej",6,6
1311931911,"Reflective",34.8753283446022,2,"Acc",6,11.375
1311950105,"Control",7.81529354676688,2,"Acc",6,13.6869999999999
1312182935,"Reflective",9.00850374202517,2,"Acc",9,9.98399999999947
1314252327,"Reflective",45,2,"Acc",6,17.3119999999999
1315852607,"Control",37.0928372970415,2,"Rej",6,9.29700000000048
1317123030,"Intuitive",15.2145409623114,2,"Acc",9,5.375
1351351216,"Intuitive",25.0018116728382,2,"Acc",9,9.4369999999999
1352350311,"Intuitive",-7.81529354676687,2,"Acc",6,20.4539999999997
1391450136,"Intuitive",16.260204708312,2,"Acc",6,10.8130000000001
1391992127,"Control",7.81529354676688,2,"Rej",6,16.7809999999999
1392180105,"Intuitive",32.0053832080835,2,"Acc",6,10.594
1411932811,"Control",36.6129676213405,2,"Acc",6,15.906
1412182614,"Control",45,2,"Acc",6,14.797
1491112569,"Reflective",29.00641590227,2,"Acc",7,17.4070000000001
1491930790,"Control",5.91392904080057,2,"Acc",6,9.46900000000005
1498290124,"Reflective",4.76364169072618,2,"Acc",9,6.813
1499181630,"Reflective",9.8966719676691,2,"Acc",9,5.35899999999947
1512211934,"Control",32.5279020507988,2,"Acc",9,6.51600000000053
1611011405,"Control",34.8753283446022,2,"Acc",6,5.98499999999967
1612181710,"Intuitive",37.0928372970415,2,"Acc",6,5.87500000000045
1681120634,"Control",34.8753283446022,2,"Acc",6,7.82799999999998
1681253002,"Reflective",31.1639506143602,2,"Acc",6,5.5619999999999
1852351249,"Control",23.5899901707433,2,"Rej",6,22.6880000000001
1891852736,"Reflective",13.4778227532413,2,"Acc",6,6.96900000000005
1911930583,"Control",15.6514064538554,2,"Rej",6,14.0159999999996
1992613006,"Intuitive",7.81529354676688,2,"Acc",9,21.5779999999995
1998150918,"Intuitive",45,2,"Rej",9,11.5
1998151281,"Control",7.81529354676688,2,"Acc",6,7.50000000000045
2011930504,"Intuitive",7.81529354676688,2,"Acc",6,9.46900000000005
2081930914,"Intuitive",2.02136494035603,2,"Acc",6,8.25
2251930306,"Reflective",8.76317912558711,2,"Acc",6,7.34400000000005
2291293135,"Reflective",7.81529354676688,2,"Acc",9,9.42200000000048
2299121632,"Reflective",32.1581037158278,2,"Acc",9,8.57800000000043
2516121436,"Intuitive",7.93826452354549,2,"Rej",6,13.2659999999996
2518151857,"Intuitive",-7.81529354676687,2,"Acc",6,6.84400000000005
2519201622,"Reflective",27.2040110760696,2,"Acc",9,6.3119999999999
3819202609,"Intuitive",23.5899901707433,2,"Acc",6,6.17199999999957
4118150609,"Intuitive",-13.0456370629486,2,"Rej",6,4.48500000000013
5122312404,"Control",21.7570972140475,2,"Acc",6,13.5
6121660921,"Intuitive",7.81529354676688,2,"Acc",9,4.60899999999947
6121852605,"Control",10.3851769867767,2,"Acc",6,17.0940000000001
6181310709,"Intuitive",21.932420948982,2,"Acc",9,6.95299999999998
6181932503,"Control",34.8753283446022,2,"Rej",6,20.4690000000001
6510213074,"Intuitive",5.82180374999988,2,"Acc",6,5.42100000000028
6511291824,"Control",41.0384731174898,2,"Rej",6,10.7350000000001
7519200418,"Reflective",6.59060876814889,2,"Acc",9,7.57899999999972
9121392535,"Control",22.7732156143502,2,"Rej",3,10.0159999999996
10151190635,"Reflective",18.841295056231,2,"Acc",9,5.0619999999999
10151310502,"Intuitive",28.6104596659652,2,"Acc",6,5.89099999999962
10151930823,"Control",23.8387401831717,2,"Acc",6,5.14
10151932240,"Control",20.9698255524625,2,"Acc",6,7.92200000000048
10151951431,"Intuitive",7.81529354676688,2,"Rej",6,16.875
10212152137,"Reflective",7.81529354676688,2,"Acc",9,7.5
10215130409,"Intuitive",9.57908233476071e-15,2,"Acc",9,9.75
10510152732,"Intuitive",27.5076754748896,2,"Acc",6,6.54700000000003
10515200349,"Reflective",33.8220852174939,2,"Rej",6,14.8899999999994
10519201421,"Intuitive",16.260204708312,2,"Rej",6,5.75
11110212226,"Control",12.8243981022352,2,"Acc",9,8.67099999999982
11121141555,"Reflective",7.81529354676688,2,"Acc",6,14.3429999999999
11127182520,"Reflective",30.5977842093342,2,"Acc",9,7.015
11320150220,"Control",12.3247274341374,2,"Acc",6,7.5630000000001
11411290835,"Control",5.82180374999988,2,"Rej",6,12.1869999999999
11414282111,"Intuitive",7.81529354676688,2,"Acc",6,4.719
11419162513,"Reflective",23.8387401831717,2,"Acc",9,14.0619999999999
13110282004,"Control",7.81529354676688,2,"Acc",9,12.0619999999999
13120182311,"Control",7.81529354676688,2,"Acc",6,6.45300000000043
13123150365,"Control",7.81529354676688,2,"Acc",6,28.2030000000004
13157180467,"Control",7.81529354676688,2,"Rej",6,5.0619999999999
13516210412,"Intuitive",20.5560452195835,2,"Rej",6,11.469
13911181470,"Control",7.81529354676688,2,"Acc",6,10.36
14121140705,"Reflective",7.54652262443571,2,"Rej",9,8.85900000000038
14913151632,"Intuitive",33.6207860851233,2,"Rej",6,6.14000000000033
14913152603,"Intuitive",31.0906104491822,2,"Rej",6,12.625
14921120821,"Intuitive",-7.81529354676687,2,"Acc",6,23.3280000000004
15121450822,"Intuitive",44.8339257418689,2,"Acc",9,2.82799999999952
16111282119,"Intuitive",18.0504191633375,2,"Acc",9,6.9369999999999
16812211317,"Control",37.4824114277185,2,"Rej",6,7.57799999999998
16820181412,"Reflective",16.260204708312,2,"Acc",9,5.515
18111182341,"Reflective",34.8753283446022,2,"Acc",8,4.23500000000013
18151212936,"Reflective",23.8387401831717,2,"Acc",9,11.9380000000001
18151931230,"Control",7.81529354676688,2,"Acc",6,12.6089999999999
18152182413,"Reflective",18.9497879271144,2,"Acc",6,4.187
18912150705,"Reflective",26.8725389916558,2,"Rej",6,9.07800000000043
19111212422,"Intuitive",34.8753283446022,2,"Acc",6,6.96900000000005
19118151208,"Reflective",25.893646994228,2,"Acc",9,6.64100000000008
19201930903,"Control",30.8810786969436,2,"Rej",3,7.625
19203122929,"Intuitive",7.81529354676688,2,"Rej",6,21
19212210916,"Reflective",7.81529354676688,2,"Acc",6,4.35900000000038
19216151951,"Reflective",34.8753283446022,2,"Acc",9,7.03099999999995
19221290906,"Reflective",10.3851769867767,2,"Acc",9,4.23400000000038
19228152805,"Control",-7.81529354676687,2,"Acc",6,19.5630000000001
20151310935,"Control",34.8753283446022,2,"Acc",5,8.5
22511122211,"Control",18.028602589613,2,"Rej",6,13.3119999999999
22512210131,"Intuitive",9.73173703332263e-15,2,"Acc",6,8.01600000000008
22910150521,"Reflective",12.3247274341374,2,"Acc",9,8.4380000000001
31211153008,"Reflective",-7.81529354676687,2,"Acc",6,10.594
91911280637,"Intuitive",19.9037495373078,2,"Acc",9,8.844
102111211209,"Intuitive",32.9052429229879,2,"Acc",9,9.5619999999999
102118151706,"Control",-16.260204708312,2,"Rej",6,16.875
122126212035,"Control",7.81529354676688,2,"Rej",2,9.26500000000033
131511181143,"Intuitive",37.4824114277185,2,"Acc",9,6.45299999999998
191515212537,"Control",10.3851769867767,2,"Rej",5,7.5630000000001
192013211630,"Reflective",23.5899901707433,2,"Acc",9,25.4849999999997
192022152108,"Reflective",7.81529354676688,2,"Rej",6,23.75
31810627,"Intuitive",18.434948822922,3,"Rej",2,7.54699999999957
38452435,"Intuitive",7.81529354676688,3,"Acc",6,6.375
114251020,"Control",28.4777430083595,3,"Acc",9,6.07800000000043
114251837,"Intuitive",16.260204708312,3,"Acc",6,6.84400000000005
114382235,"Reflective",18.9432630612515,3,"Rej",6,22.5
114811521,"Reflective",7.81529354676688,3,"Acc",6,5.82899999999972
114812301,"Intuitive",45,3,"Rej",2,2.54700000000048
115850905,"Intuitive",9.57908233476071e-15,3,"Acc",6,8
125290304,"Control",37.4824114277185,3,"Acc",6,6.53200000000015
125812308,"Intuitive",26.8725389916558,3,"Rej",2,7.8119999999999
129692408,"Intuitive",20.7332115674668,3,"Rej",2,10.4849999999997
131852625,"Control",11.5346206536447,3,"Rej",2,9.3119999999999
135410106,"Intuitive",-5.46187584631396,3,"Rej",2,4.21799999999985
141931012,"Control",35.7617070687069,3,"Rej",2,7.76500000000033
149582652,"Control",33.4325601384009,3,"Rej",2,5.984
161352335,"Control",14.203937953514,3,"Acc",9,8.03200000000015
181652608,"Intuitive",37.0928372970415,3,"Rej",2,8.75
191850490,"Intuitive",7.81529354676688,3,"Rej",6,9.235
208450435,"Control",7.81529354676688,3,"Acc",2,7.203
208851835,"Control",26.8725389916558,3,"Acc",7,10.4369999999999
251292867,"Control",16.6543063769233,3,"Rej",6,7.219
252652646,"Control",7.81529354676688,3,"Acc",7,10.641
312181449,"Reflective",25.1756871190605,3,"Acc",6,9.40599999999995
316150112,"Reflective",18.1084806779306,3,"Acc",6,23.375
318212509,"Reflective",7.81529354676688,3,"Acc",9,6.5630000000001
381933137,"Reflective",22.9821476918694,3,"Acc",9,8.828
411390749,"Reflective",7.81529354676688,3,"Acc",6,8.53200000000015
411850209,"Reflective",24.6148730721051,3,"Rej",6,15.969
415791916,"Reflective",12.5533665501306,3,"Acc",6,5.92200000000048
451310607,"Intuitive",7.81529354676688,3,"Rej",2,8.23400000000038
452690537,"Reflective",16.260204708312,3,"Acc",6,8.92200000000048
491931712,"Intuitive",7.81529354676688,3,"Rej",2,3.5
618492001,"Control",7.81529354676688,3,"Acc",4,5.10899999999992
651010705,"Reflective",23.8387401831717,3,"Acc",9,5.375
1011891815,"Intuitive",22.5670090778746,3,"Rej",2,11.8910000000001
1012390559,"Intuitive",37.0136158549098,3,"Rej",2,5.20300000000043
1017181538,"Control",37.4824114277185,3,"Acc",6,5.9369999999999
1052310418,"Reflective",37.4824114277185,3,"Acc",6,12.844
1111560221,"Reflective",28.6104596659652,3,"Acc",6,4.51600000000053
1112691640,"Intuitive",19.942384581697,3,"Acc",2,5.89100000000053
1127120906,"Control",34.8753283446022,3,"Rej",2,10.25
1141292605,"Reflective",37.4824114277185,3,"Acc",6,7.51600000000008
1141812844,"Control",7.81529354676688,3,"Acc",6,11
1142211220,"Control",37.4824114277185,3,"Acc",6,6.48399999999947
1147180702,"Reflective",7.81529354676688,3,"Acc",2,5.21799999999985
1151890521,"Reflective",7.81529354676688,3,"Acc",8,3.73499999999967
1215811002,"Intuitive",46.7357045889284,3,"Rej",2,7.34400000000005
1241952005,"Reflective",16.260204708312,3,"Acc",9,5.53099999999995
1255140310,"Control",26.8725389916558,3,"Acc",6,6.15599999999995
1311351408,"Intuitive",22.5670090778746,3,"Rej",2,4.89100000000053
1311931911,"Reflective",34.8753283446022,3,"Acc",9,7.01599999999962
1311950105,"Control",7.81529354676688,3,"Acc",2,23.8280000000004
1312182935,"Reflective",9.00850374202517,3,"Acc",6,8.32800000000043
1314252327,"Reflective",45,3,"Acc",9,9.40700000000015
1315852607,"Control",37.0928372970415,3,"Rej",2,2.98500000000058
1317123030,"Intuitive",15.2145409623114,3,"Acc",6,25.1880000000001
1351351216,"Intuitive",25.0018116728382,3,"Rej",6,8.10999999999967
1352350311,"Intuitive",-7.81529354676687,3,"Rej",2,6.875
1391450136,"Intuitive",16.260204708312,3,"Rej",2,7.23399999999947
1391992127,"Control",7.81529354676688,3,"Rej",2,9.125
1392180105,"Intuitive",32.0053832080835,3,"Rej",2,5.484
1411932811,"Control",36.6129676213405,3,"Rej",2,7.04600000000028
1412182614,"Control",45,3,"Rej",2,9.71799999999985
1491112569,"Reflective",29.00641590227,3,"Rej",6,5.51599999999962
1491930790,"Control",5.91392904080057,3,"Acc",2,10.906
1498290124,"Reflective",4.76364169072618,3,"Acc",6,12.157
1499181630,"Reflective",9.8966719676691,3,"Acc",6,13.469
1512211934,"Control",32.5279020507988,3,"Acc",6,10
1611011405,"Control",34.8753283446022,3,"Acc",7,4.64100000000053
1612181710,"Intuitive",37.0928372970415,3,"Rej",2,10.2970000000005
1681120634,"Control",34.8753283446022,3,"Rej",2,7.51499999999987
1681253002,"Reflective",31.1639506143602,3,"Acc",9,3.95300000000043
1852351249,"Control",23.5899901707433,3,"Rej",2,13.5470000000005
1891852736,"Reflective",13.4778227532413,3,"Acc",9,7.0630000000001
1911930583,"Control",15.6514064538554,3,"Acc",6,8.96900000000005
1992613006,"Intuitive",7.81529354676688,3,"Acc",6,12.5160000000005
1998150918,"Intuitive",45,3,"Acc",6,10.406
1998151281,"Control",7.81529354676688,3,"Rej",2,5.51599999999962
2011930504,"Intuitive",7.81529354676688,3,"Acc",2,13.3279999999995
2081930914,"Intuitive",2.02136494035603,3,"Rej",2,6.4380000000001
2251930306,"Reflective",8.76317912558711,3,"Acc",9,5.76500000000033
2291293135,"Reflective",7.81529354676688,3,"Rej",6,10.1090000000004
2299121632,"Reflective",32.1581037158278,3,"Acc",6,8.70299999999952
2516121436,"Intuitive",7.93826452354549,3,"Rej",2,3.54699999999957
2518151857,"Intuitive",-7.81529354676687,3,"Rej",2,6.875
2519201622,"Reflective",27.2040110760696,3,"Acc",6,17.4059999999999
3819202609,"Intuitive",23.5899901707433,3,"Rej",2,8
4118150609,"Intuitive",-13.0456370629486,3,"Rej",2,5.5630000000001
5122312404,"Control",21.7570972140475,3,"Acc",7,5.59400000000005
6121660921,"Intuitive",7.81529354676688,3,"Acc",6,3.1869999999999
6121852605,"Control",10.3851769867767,3,"Acc",2,14.6410000000005
6181310709,"Intuitive",21.932420948982,3,"Acc",6,6.8119999999999
6181932503,"Control",34.8753283446022,3,"Acc",2,3.4380000000001
6510213074,"Intuitive",5.82180374999988,3,"Rej",2,9.8130000000001
6511291824,"Control",41.0384731174898,3,"Rej",6,11.469
7519200418,"Reflective",6.59060876814889,3,"Rej",6,9.92200000000048
9121392535,"Control",22.7732156143502,3,"Rej",6,9.14099999999962
10151190635,"Reflective",18.841295056231,3,"Acc",6,3.20299999999997
10151310502,"Intuitive",28.6104596659652,3,"Rej",2,5.73400000000038
10151930823,"Control",23.8387401831717,3,"Acc",2,6.281
10151932240,"Control",20.9698255524625,3,"Rej",2,7.29699999999957
10151951431,"Intuitive",7.81529354676688,3,"Rej",2,13.594
10212152137,"Reflective",7.81529354676688,3,"Acc",6,10.5619999999999
10215130409,"Intuitive",9.57908233476071e-15,3,"Rej",6,11.75
10510152732,"Intuitive",27.5076754748896,3,"Rej",2,5.6880000000001
10515200349,"Reflective",33.8220852174939,3,"Acc",9,6.1869999999999
10519201421,"Intuitive",16.260204708312,3,"Rej",2,6.53099999999995
11110212226,"Control",12.8243981022352,3,"Acc",6,6.60899999999992
11121141555,"Reflective",7.81529354676688,3,"Acc",9,10.1400000000003
11127182520,"Reflective",30.5977842093342,3,"Acc",6,18.75
11320150220,"Control",12.3247274341374,3,"Acc",9,5.23400000000038
11411290835,"Control",5.82180374999988,3,"Rej",2,7.35899999999947
11414282111,"Intuitive",7.81529354676688,3,"Acc",2,3.156
11419162513,"Reflective",23.8387401831717,3,"Acc",6,12
13110282004,"Control",7.81529354676688,3,"Acc",6,9.10999999999967
13120182311,"Control",7.81529354676688,3,"Acc",9,5.39100000000053
13123150365,"Control",7.81529354676688,3,"Rej",2,7.78200000000015
13157180467,"Control",7.81529354676688,3,"Rej",2,6.59400000000005
13516210412,"Intuitive",20.5560452195835,3,"Rej",2,5.6880000000001
13911181470,"Control",7.81529354676688,3,"Acc",9,7.797
14121140705,"Reflective",7.54652262443571,3,"Acc",6,4.96799999999985
14913151632,"Intuitive",33.6207860851233,3,"Rej",2,6.65599999999995
14913152603,"Intuitive",31.0906104491822,3,"Rej",2,7.329
14921120821,"Intuitive",-7.81529354676687,3,"Acc",2,39.9219999999996
15121450822,"Intuitive",44.8339257418689,3,"Rej",6,3.39099999999962
16111282119,"Intuitive",18.0504191633375,3,"Acc",6,8.82799999999952
16812211317,"Control",37.4824114277185,3,"Rej",2,6.86000000000013
16820181412,"Reflective",16.260204708312,3,"Acc",6,4.016
18111182341,"Reflective",34.8753283446022,3,"Acc",6,3.09400000000005
18151212936,"Reflective",23.8387401831717,3,"Acc",6,14.4679999999999
18151931230,"Control",7.81529354676688,3,"Acc",2,5.71900000000005
18152182413,"Reflective",18.9497879271144,3,"Acc",9,3.687
18912150705,"Reflective",26.8725389916558,3,"Rej",2,4.03099999999995
19111212422,"Intuitive",34.8753283446022,3,"Rej",2,7.26599999999962
19118151208,"Reflective",25.893646994228,3,"Rej",6,10.219
19201930903,"Control",30.8810786969436,3,"Acc",6,8.281
19203122929,"Intuitive",7.81529354676688,3,"Rej",2,5.781
19212210916,"Reflective",7.81529354676688,3,"Rej",3,9.53099999999995
19216151951,"Reflective",34.8753283446022,3,"Acc",6,8.63999999999987
19221290906,"Reflective",10.3851769867767,3,"Acc",6,5.70300000000043
19228152805,"Control",-7.81529354676687,3,"Rej",4,6.1869999999999
20151310935,"Control",34.8753283446022,3,"Acc",6,5.40599999999995
22511122211,"Control",18.028602589613,3,"Rej",1,8.84299999999985
22512210131,"Intuitive",9.73173703332263e-15,3,"Rej",2,9.25
22910150521,"Reflective",12.3247274341374,3,"Acc",6,4.84299999999985
31211153008,"Reflective",-7.81529354676687,3,"Acc",9,5.625
91911280637,"Intuitive",19.9037495373078,3,"Acc",6,5.343
102111211209,"Intuitive",32.9052429229879,3,"Acc",6,8.64100000000053
102118151706,"Control",-16.260204708312,3,"Rej",2,6.96799999999985
122126212035,"Control",7.81529354676688,3,"Acc",6,5.82799999999952
131511181143,"Intuitive",37.4824114277185,3,"Rej",6,12.031
191515212537,"Control",10.3851769867767,3,"Rej",6,4.20299999999998
192013211630,"Reflective",23.5899901707433,3,"Rej",6,42.3909999999996
192022152108,"Reflective",7.81529354676688,3,"Acc",9,7.4380000000001
31810627,"Intuitive",18.434948822922,4,"Acc",9,3.67199999999957
38452435,"Intuitive",7.81529354676688,4,"Rej",2,11.0929999999999
114251020,"Control",28.4777430083595,4,"Rej",2,6.5
114251837,"Intuitive",16.260204708312,4,"Rej",2,6.54600000000028
114382235,"Reflective",18.9432630612515,4,"Rej",2,11.031
114811521,"Reflective",7.81529354676688,4,"Rej",2,8.21900000000005
114812301,"Intuitive",45,4,"Acc",9,1.96900000000005
115850905,"Intuitive",9.57908233476071e-15,4,"Rej",2,7.51600000000053
125290304,"Control",37.4824114277185,4,"Rej",2,7.98499999999967
125812308,"Intuitive",26.8725389916558,4,"Acc",9,8.3130000000001
129692408,"Intuitive",20.7332115674668,4,"Acc",9,7.28099999999995
131852625,"Control",11.5346206536447,4,"Acc",9,12.219
135410106,"Intuitive",-5.46187584631396,4,"Acc",9,3.65599999999995
141931012,"Control",35.7617070687069,4,"Acc",9,6.125
149582652,"Control",33.4325601384009,4,"Acc",9,3
161352335,"Control",14.203937953514,4,"Rej",2,6.64000000000033
181652608,"Intuitive",37.0928372970415,4,"Acc",9,6.20300000000043
191850490,"Intuitive",7.81529354676688,4,"Rej",2,8.282
208450435,"Control",7.81529354676688,4,"Acc",7,2.734
208851835,"Control",26.8725389916558,4,"Rej",2,9.48499999999967
251292867,"Control",16.6543063769233,4,"Rej",2,5.375
252652646,"Control",7.81529354676688,4,"Rej",2,6.11
312181449,"Reflective",25.1756871190605,4,"Rej",2,10.469
316150112,"Reflective",18.1084806779306,4,"Rej",2,11.563
318212509,"Reflective",7.81529354676688,4,"Rej",2,14.8599999999997
381933137,"Reflective",22.9821476918694,4,"Rej",2,7.437
411390749,"Reflective",7.81529354676688,4,"Rej",2,9.1880000000001
411850209,"Reflective",24.6148730721051,4,"Rej",2,21.8119999999999
415791916,"Reflective",12.5533665501306,4,"Rej",2,7.51500000000033
451310607,"Intuitive",7.81529354676688,4,"Acc",9,4.46799999999985
452690537,"Reflective",16.260204708312,4,"Rej",2,29.2190000000001
491931712,"Intuitive",7.81529354676688,4,"Acc",9,3.21900000000005
618492001,"Control",7.81529354676688,4,"Rej",2,4.11000000000013
651010705,"Reflective",23.8387401831717,4,"Rej",2,9.82800000000043
1011891815,"Intuitive",22.5670090778746,4,"Acc",9,9.125
1012390559,"Intuitive",37.0136158549098,4,"Acc",9,3.89099999999962
1017181538,"Control",37.4824114277185,4,"Rej",2,12.969
1052310418,"Reflective",37.4824114277185,4,"Rej",2,6.71900000000005
1111560221,"Reflective",28.6104596659652,4,"Rej",2,2.75
1112691640,"Intuitive",19.942384581697,4,"Acc",6,11.594
1127120906,"Control",34.8753283446022,4,"Acc",9,12.453
1141292605,"Reflective",37.4824114277185,4,"Rej",2,4.09299999999985
1141812844,"Control",7.81529354676688,4,"Acc",2,9.59299999999985
1142211220,"Control",37.4824114277185,4,"Acc",2,15.8900000000003
1147180702,"Reflective",7.81529354676688,4,"Acc",9,3.625
1151890521,"Reflective",7.81529354676688,4,"Rej",2,6.625
1215811002,"Intuitive",46.7357045889284,4,"Acc",9,3.53099999999995
1241952005,"Reflective",16.260204708312,4,"Rej",2,8.64100000000008
1255140310,"Control",26.8725389916558,4,"Rej",2,9
1311351408,"Intuitive",22.5670090778746,4,"Acc",9,2.95300000000043
1311931911,"Reflective",34.8753283446022,4,"Rej",2,15.9380000000001
1311950105,"Control",7.81529354676688,4,"Acc",9,4.73399999999947
1312182935,"Reflective",9.00850374202517,4,"Rej",2,4.84400000000005
1314252327,"Reflective",45,4,"Acc",2,16.375
1315852607,"Control",37.0928372970415,4,"Rej",4,5.29699999999957
1317123030,"Intuitive",15.2145409623114,4,"Rej",2,6.89100000000053
1351351216,"Intuitive",25.0018116728382,4,"Acc",2,10.969
1352350311,"Intuitive",-7.81529354676687,4,"Acc",9,6.5630000000001
1391450136,"Intuitive",16.260204708312,4,"Rej",5,4.3130000000001
1391992127,"Control",7.81529354676688,4,"Acc",9,7.3119999999999
1392180105,"Intuitive",32.0053832080835,4,"Acc",8,6.312
1411932811,"Control",36.6129676213405,4,"Rej",4,9.3130000000001
1412182614,"Control",45,4,"Acc",9,5.73400000000038
1491112569,"Reflective",29.00641590227,4,"Rej",2,10.6399999999994
1491930790,"Control",5.91392904080057,4,"Acc",6,6.59400000000005
1498290124,"Reflective",4.76364169072618,4,"Rej",2,10.922
1499181630,"Reflective",9.8966719676691,4,"Rej",2,9.84400000000005
1512211934,"Control",32.5279020507988,4,"Rej",2,5.82799999999952
1611011405,"Control",34.8753283446022,4,"Rej",2,10.5150000000003
1612181710,"Intuitive",37.0928372970415,4,"Acc",9,2.54699999999957
1681120634,"Control",34.8753283446022,4,"Acc",8,8.65700000000015
1681253002,"Reflective",31.1639506143602,4,"Rej",2,11.3119999999999
1852351249,"Control",23.5899901707433,4,"Rej",1,12.3429999999999
1891852736,"Reflective",13.4778227532413,4,"Rej",2,11.7339999999995
1911930583,"Control",15.6514064538554,4,"Rej",2,7.875
1992613006,"Intuitive",7.81529354676688,4,"Rej",2,12
1998150918,"Intuitive",45,4,"Rej",2,13.5
1998151281,"Control",7.81529354676688,4,"Acc",9,5.90599999999995
2011930504,"Intuitive",7.81529354676688,4,"Acc",9,4.32800000000043
2081930914,"Intuitive",2.02136494035603,4,"Acc",9,5.75
2251930306,"Reflective",8.76317912558711,4,"Rej",2,4.6869999999999
2291293135,"Reflective",7.81529354676688,4,"Rej",2,4.79699999999957
2299121632,"Reflective",32.1581037158278,4,"Rej",2,4.04699999999957
2516121436,"Intuitive",7.93826452354549,4,"Acc",9,3.71900000000005
2518151857,"Intuitive",-7.81529354676687,4,"Acc",9,3.70300000000043
2519201622,"Reflective",27.2040110760696,4,"Rej",2,6.89100000000053
3819202609,"Intuitive",23.5899901707433,4,"Acc",9,7.46799999999985
4118150609,"Intuitive",-13.0456370629486,4,"Acc",9,2.54700000000003
5122312404,"Control",21.7570972140475,4,"Rej",2,5.07799999999952
6121660921,"Intuitive",7.81529354676688,4,"Acc",2,2.84400000000005
6121852605,"Control",10.3851769867767,4,"Acc",9,5.01599999999962
6181310709,"Intuitive",21.932420948982,4,"Rej",2,9.5630000000001
6181932503,"Control",34.8753283446022,4,"Acc",9,5.51499999999942
6510213074,"Intuitive",5.82180374999988,4,"Acc",5,3.375
6511291824,"Control",41.0384731174898,4,"Rej",2,13.203
7519200418,"Reflective",6.59060876814889,4,"Rej",2,10.9380000000001
9121392535,"Control",22.7732156143502,4,"Rej",2,9.71900000000005
10151190635,"Reflective",18.841295056231,4,"Acc",2,7.60899999999992
10151310502,"Intuitive",28.6104596659652,4,"Acc",9,3.15599999999995
10151930823,"Control",23.8387401831717,4,"Acc",6,2.719
10151932240,"Control",20.9698255524625,4,"Acc",9,3.64099999999962
10151951431,"Intuitive",7.81529354676688,4,"Acc",9,5.67200000000003
10212152137,"Reflective",7.81529354676688,4,"Rej",2,4.54700000000048
10215130409,"Intuitive",9.57908233476071e-15,4,"Rej",2,6.95300000000043
10510152732,"Intuitive",27.5076754748896,4,"Acc",9,7.07799999999998
10515200349,"Reflective",33.8220852174939,4,"Rej",2,6.15599999999995
10519201421,"Intuitive",16.260204708312,4,"Acc",9,15.4529999999995
11110212226,"Control",12.8243981022352,4,"Acc",2,6.0630000000001
11121141555,"Reflective",7.81529354676688,4,"Rej",2,16.9369999999999
11127182520,"Reflective",30.5977842093342,4,"Rej",2,4.484
11320150220,"Control",12.3247274341374,4,"Rej",2,8.51500000000033
11411290835,"Control",5.82180374999988,4,"Rej",7,8.98499999999967
11414282111,"Intuitive",7.81529354676688,4,"Acc",9,3.125
11419162513,"Reflective",23.8387401831717,4,"Acc",2,9.20300000000043
13110282004,"Control",7.81529354676688,4,"Acc",2,16.125
13120182311,"Control",7.81529354676688,4,"Rej",2,7.63999999999942
13123150365,"Control",7.81529354676688,4,"Acc",9,6.29699999999957
13157180467,"Control",7.81529354676688,4,"Acc",9,5.39000000000033
13516210412,"Intuitive",20.5560452195835,4,"Acc",9,3.25
13911181470,"Control",7.81529354676688,4,"Acc",2,18.296
14121140705,"Reflective",7.54652262443571,4,"Rej",2,10.4849999999997
14913151632,"Intuitive",33.6207860851233,4,"Acc",9,4.89099999999962
14913152603,"Intuitive",31.0906104491822,4,"Acc",9,6.141
14921120821,"Intuitive",-7.81529354676687,4,"Acc",4,12.1409999999996
15121450822,"Intuitive",44.8339257418689,4,"Rej",2,4.14100000000053
16111282119,"Intuitive",18.0504191633375,4,"Rej",2,4.89099999999962
16812211317,"Control",37.4824114277185,4,"Acc",9,5.1869999999999
16820181412,"Reflective",16.260204708312,4,"Rej",2,4.125
18111182341,"Reflective",34.8753283446022,4,"Acc",2,3.875
18151212936,"Reflective",23.8387401831717,4,"Rej",2,13.4380000000001
18151931230,"Control",7.81529354676688,4,"Acc",9,4.70400000000018
18152182413,"Reflective",18.9497879271144,4,"Acc",2,23.406
18912150705,"Reflective",26.8725389916558,4,"Acc",9,4.54699999999957
19111212422,"Intuitive",34.8753283446022,4,"Acc",9,6.03099999999995
19118151208,"Reflective",25.893646994228,4,"Rej",2,6.85900000000038
19201930903,"Control",30.8810786969436,4,"Rej",2,7.969
19203122929,"Intuitive",7.81529354676688,4,"Acc",9,3.469
19212210916,"Reflective",7.81529354676688,4,"Acc",2,6.45300000000043
19216151951,"Reflective",34.8753283446022,4,"Acc",2,11.672
19221290906,"Reflective",10.3851769867767,4,"Acc",2,7.85900000000038
19228152805,"Control",-7.81529354676687,4,"Rej",2,11
20151310935,"Control",34.8753283446022,4,"Rej",2,7.88999999999942
22511122211,"Control",18.028602589613,4,"Rej",2,7.28200000000015
22512210131,"Intuitive",9.73173703332263e-15,4,"Rej",9,6.23399999999947
22910150521,"Reflective",12.3247274341374,4,"Acc",2,8.42200000000048
31211153008,"Reflective",-7.81529354676687,4,"Rej",2,5.23499999999967
91911280637,"Intuitive",19.9037495373078,4,"Rej",2,7.109
102111211209,"Intuitive",32.9052429229879,4,"Rej",2,10.3909999999996
102118151706,"Control",-16.260204708312,4,"Acc",9,5.07799999999998
122126212035,"Control",7.81529354676688,4,"Rej",2,8.75
131511181143,"Intuitive",37.4824114277185,4,"Rej",2,4.57899999999972
191515212537,"Control",10.3851769867767,4,"Rej",2,7.46900000000005
192013211630,"Reflective",23.5899901707433,4,"Rej",2,44.6720000000005
192022152108,"Reflective",7.81529354676688,4,"Rej",2,9.46900000000005
31810627,"Intuitive",18.434948822922,5,"Acc",9,6.89100000000053
38452435,"Intuitive",7.81529354676688,5,"Acc",9,5.82799999999998
114251020,"Control",28.4777430083595,5,"Acc",9,6
114251837,"Intuitive",16.260204708312,5,"Acc",9,4.6880000000001
114382235,"Reflective",18.9432630612515,5,"Acc",9,6.64099999999962
114811521,"Reflective",7.81529354676688,5,"Acc",9,5.5630000000001
114812301,"Intuitive",45,5,"Acc",9,4.79700000000048
115850905,"Intuitive",9.57908233476071e-15,5,"Acc",9,3.26499999999942
125290304,"Control",37.4824114277185,5,"Acc",9,3.60900000000038
125812308,"Intuitive",26.8725389916558,5,"Acc",7,7.5630000000001
129692408,"Intuitive",20.7332115674668,5,"Acc",9,10.2349999999997
131852625,"Control",11.5346206536447,5,"Acc",9,12.8280000000004
135410106,"Intuitive",-5.46187584631396,5,"Acc",9,4.23400000000038
141931012,"Control",35.7617070687069,5,"Acc",9,7.32800000000043
149582652,"Control",33.4325601384009,5,"Acc",8,8.703
161352335,"Control",14.203937953514,5,"Acc",9,4.15700000000015
181652608,"Intuitive",37.0928372970415,5,"Rej",2,9.07800000000043
191850490,"Intuitive",7.81529354676688,5,"Acc",9,5.766
208450435,"Control",7.81529354676688,5,"Acc",9,3.657
208851835,"Control",26.8725389916558,5,"Acc",9,8.5
251292867,"Control",16.6543063769233,5,"Acc",9,3.265
252652646,"Control",7.81529354676688,5,"Acc",9,6.313
312181449,"Reflective",25.1756871190605,5,"Acc",9,5.90700000000015
316150112,"Reflective",18.1084806779306,5,"Acc",9,6.515
318212509,"Reflective",7.81529354676688,5,"Acc",9,5.26599999999962
381933137,"Reflective",22.9821476918694,5,"Acc",9,5.547
411390749,"Reflective",7.81529354676688,5,"Acc",9,3.3119999999999
411850209,"Reflective",24.6148730721051,5,"Acc",9,6.51500000000033
415791916,"Reflective",12.5533665501306,5,"Acc",9,6.46900000000005
451310607,"Intuitive",7.81529354676688,5,"Acc",9,5.17100000000028
452690537,"Reflective",16.260204708312,5,"Acc",9,8.3119999999999
491931712,"Intuitive",7.81529354676688,5,"Acc",9,3.40599999999995
618492001,"Control",7.81529354676688,5,"Acc",9,5.17099999999982
651010705,"Reflective",23.8387401831717,5,"Acc",9,7.54700000000048
1011891815,"Intuitive",22.5670090778746,5,"Acc",9,5.71900000000005
1012390559,"Intuitive",37.0136158549098,5,"Acc",9,6.82799999999952
1017181538,"Control",37.4824114277185,5,"Acc",9,6.59299999999985
1052310418,"Reflective",37.4824114277185,5,"Acc",9,9.8130000000001
1111560221,"Reflective",28.6104596659652,5,"Acc",9,4.09400000000005
1112691640,"Intuitive",19.942384581697,5,"Acc",9,8.70399999999972
1127120906,"Control",34.8753283446022,5,"Acc",8,20.344
1141292605,"Reflective",37.4824114277185,5,"Acc",9,5.39100000000008
1141812844,"Control",7.81529354676688,5,"Acc",9,4.71900000000005
1142211220,"Control",37.4824114277185,5,"Acc",9,3.96900000000005
1147180702,"Reflective",7.81529354676688,5,"Acc",9,3.5
1151890521,"Reflective",7.81529354676688,5,"Acc",9,4.54700000000048
1215811002,"Intuitive",46.7357045889284,5,"Acc",9,6.3119999999999
1241952005,"Reflective",16.260204708312,5,"Acc",9,3.9369999999999
1255140310,"Control",26.8725389916558,5,"Acc",9,6.23400000000038
1311351408,"Intuitive",22.5670090778746,5,"Acc",9,6.125
1311931911,"Reflective",34.8753283446022,5,"Acc",9,10.2659999999996
1311950105,"Control",7.81529354676688,5,"Acc",9,17.6090000000004
1312182935,"Reflective",9.00850374202517,5,"Acc",9,6.40700000000015
1314252327,"Reflective",45,5,"Acc",9,5.35899999999992
1315852607,"Control",37.0928372970415,5,"Acc",9,4.53200000000015
1317123030,"Intuitive",15.2145409623114,5,"Acc",9,7.09400000000005
1351351216,"Intuitive",25.0018116728382,5,"Acc",9,6.6880000000001
1352350311,"Intuitive",-7.81529354676687,5,"Acc",9,6.04699999999957
1391450136,"Intuitive",16.260204708312,5,"Acc",9,5.07799999999952
1391992127,"Control",7.81529354676688,5,"Acc",9,9.6880000000001
1392180105,"Intuitive",32.0053832080835,5,"Acc",9,7.047
1411932811,"Control",36.6129676213405,5,"Acc",9,6.92199999999957
1412182614,"Control",45,5,"Acc",9,9.35900000000038
1491112569,"Reflective",29.00641590227,5,"Acc",9,4.125
1491930790,"Control",5.91392904080057,5,"Acc",9,4.625
1498290124,"Reflective",4.76364169072618,5,"Acc",9,4.391
1499181630,"Reflective",9.8966719676691,5,"Acc",9,6.95299999999952
1512211934,"Control",32.5279020507988,5,"Acc",9,6.3119999999999
1611011405,"Control",34.8753283446022,5,"Acc",9,7.8119999999999
1612181710,"Intuitive",37.0928372970415,5,"Acc",9,3.53200000000015
1681120634,"Control",34.8753283446022,5,"Acc",9,7.3130000000001
1681253002,"Reflective",31.1639506143602,5,"Acc",9,4.70399999999972
1852351249,"Control",23.5899901707433,5,"Acc",9,11.4210000000003
1891852736,"Reflective",13.4778227532413,5,"Acc",9,4.60999999999967
1911930583,"Control",15.6514064538554,5,"Acc",9,6.46900000000005
1992613006,"Intuitive",7.81529354676688,5,"Acc",9,9.125
1998150918,"Intuitive",45,5,"Acc",9,4.98399999999947
1998151281,"Control",7.81529354676688,5,"Acc",9,3.84400000000005
2011930504,"Intuitive",7.81529354676688,5,"Acc",6,8.23499999999967
2081930914,"Intuitive",2.02136494035603,5,"Acc",9,10.906
2251930306,"Reflective",8.76317912558711,5,"Acc",9,5.23400000000038
2291293135,"Reflective",7.81529354676688,5,"Acc",9,5.26599999999962
2299121632,"Reflective",32.1581037158278,5,"Acc",9,3.71799999999985
2516121436,"Intuitive",7.93826452354549,5,"Acc",9,5.60900000000038
2518151857,"Intuitive",-7.81529354676687,5,"Acc",9,5.26500000000033
2519201622,"Reflective",27.2040110760696,5,"Acc",9,7.45299999999952
3819202609,"Intuitive",23.5899901707433,5,"Rej",4,6.03200000000015
4118150609,"Intuitive",-13.0456370629486,5,"Acc",9,3.96900000000005
5122312404,"Control",21.7570972140475,5,"Acc",9,6.5630000000001
6121660921,"Intuitive",7.81529354676688,5,"Acc",9,0.953000000000429
6121852605,"Control",10.3851769867767,5,"Acc",8,4.10900000000038
6181310709,"Intuitive",21.932420948982,5,"Acc",9,4.04700000000003
6181932503,"Control",34.8753283446022,5,"Acc",8,4.95399999999972
6510213074,"Intuitive",5.82180374999988,5,"Acc",9,4.92200000000048
6511291824,"Control",41.0384731174898,5,"Acc",9,8.10899999999992
7519200418,"Reflective",6.59060876814889,5,"Acc",9,8.89000000000033
9121392535,"Control",22.7732156143502,5,"Acc",9,4.29700000000048
10151190635,"Reflective",18.841295056231,5,"Acc",9,3.65599999999995
10151310502,"Intuitive",28.6104596659652,5,"Acc",9,4.09400000000005
10151930823,"Control",23.8387401831717,5,"Acc",9,8.5
10151932240,"Control",20.9698255524625,5,"Acc",9,8.51500000000033
10151951431,"Intuitive",7.81529354676688,5,"Acc",9,6.21799999999985
10212152137,"Reflective",7.81529354676688,5,"Acc",9,4.51500000000033
10215130409,"Intuitive",9.57908233476071e-15,5,"Acc",9,4.5
10510152732,"Intuitive",27.5076754748896,5,"Acc",9,6.01499999999987
10515200349,"Reflective",33.8220852174939,5,"Acc",9,4.67200000000048
10519201421,"Intuitive",16.260204708312,5,"Acc",9,30.7969999999996
11110212226,"Control",12.8243981022352,5,"Acc",9,5.96799999999985
11121141555,"Reflective",7.81529354676688,5,"Acc",9,8.90599999999995
11127182520,"Reflective",30.5977842093342,5,"Acc",9,8.203
11320150220,"Control",12.3247274341374,5,"Acc",9,3.46799999999985
11411290835,"Control",5.82180374999988,5,"Acc",9,7.28099999999995
11414282111,"Intuitive",7.81529354676688,5,"Acc",9,1.75
11419162513,"Reflective",23.8387401831717,5,"Acc",9,8.98499999999967
13110282004,"Control",7.81529354676688,5,"Acc",9,8.04700000000048
13120182311,"Control",7.81529354676688,5,"Acc",9,8.1869999999999
13123150365,"Control",7.81529354676688,5,"Rej",4,8.0619999999999
13157180467,"Control",7.81529354676688,5,"Acc",9,5.8119999999999
13516210412,"Intuitive",20.5560452195835,5,"Acc",9,4.17200000000048
13911181470,"Control",7.81529354676688,5,"Acc",9,5.672
14121140705,"Reflective",7.54652262443571,5,"Acc",9,4.5
14913151632,"Intuitive",33.6207860851233,5,"Acc",9,4.92199999999957
14913152603,"Intuitive",31.0906104491822,5,"Rej",6,6.812
14921120821,"Intuitive",-7.81529354676687,5,"Acc",9,6.70299999999952
15121450822,"Intuitive",44.8339257418689,5,"Acc",9,3.48500000000058
16111282119,"Intuitive",18.0504191633375,5,"Acc",9,4.03099999999995
16812211317,"Control",37.4824114277185,5,"Acc",9,8.98500000000013
16820181412,"Reflective",16.260204708312,5,"Acc",9,3.469
18111182341,"Reflective",34.8753283446022,5,"Acc",9,4.4380000000001
18151212936,"Reflective",23.8387401831717,5,"Acc",9,9.89099999999962
18151931230,"Control",7.81529354676688,5,"Acc",9,4.61000000000013
18152182413,"Reflective",18.9497879271144,5,"Acc",9,8.203
18912150705,"Reflective",26.8725389916558,5,"Acc",9,5.04700000000048
19111212422,"Intuitive",34.8753283446022,5,"Acc",9,6.5630000000001
19118151208,"Reflective",25.893646994228,5,"Acc",9,6.57799999999952
19201930903,"Control",30.8810786969436,5,"Acc",9,3.704
19203122929,"Intuitive",7.81529354676688,5,"Acc",9,8.609
19212210916,"Reflective",7.81529354676688,5,"Acc",9,4.04700000000048
19216151951,"Reflective",34.8753283446022,5,"Acc",9,6.875
19221290906,"Reflective",10.3851769867767,5,"Acc",9,4.20299999999952
19228152805,"Control",-7.81529354676687,5,"Acc",9,16.3429999999999
20151310935,"Control",34.8753283446022,5,"Acc",9,5.04699999999957
22511122211,"Control",18.028602589613,5,"Acc",9,3.53099999999995
22512210131,"Intuitive",9.73173703332263e-15,5,"Acc",9,4.71900000000005
22910150521,"Reflective",12.3247274341374,5,"Acc",9,2.67199999999957
31211153008,"Reflective",-7.81529354676687,5,"Acc",9,3.67100000000028
91911280637,"Intuitive",19.9037495373078,5,"Acc",9,5.796
102111211209,"Intuitive",32.9052429229879,5,"Acc",9,7.92199999999957
102118151706,"Control",-16.260204708312,5,"Acc",9,7.78200000000015
122126212035,"Control",7.81529354676688,5,"Acc",9,4.78099999999995
131511181143,"Intuitive",37.4824114277185,5,"Acc",9,5.8119999999999
191515212537,"Control",10.3851769867767,5,"Acc",9,4.35899999999992
192013211630,"Reflective",23.5899901707433,5,"Acc",9,9.10900000000038
192022152108,"Reflective",7.81529354676688,5,"Acc",9,6.28099999999995
31810627,"Intuitive",18.434948822922,6,"Rej",3,5.21900000000005
38452435,"Intuitive",7.81529354676688,6,"Acc",9,4.82900000000018
114251020,"Control",28.4777430083595,6,"Rej",3,5.60900000000038
114251837,"Intuitive",16.260204708312,6,"Acc",9,3.73399999999947
114382235,"Reflective",18.9432630612515,6,"Acc",9,19.0159999999996
114811521,"Reflective",7.81529354676688,6,"Acc",3,5.48400000000038
114812301,"Intuitive",45,6,"Rej",3,3.85900000000038
115850905,"Intuitive",9.57908233476071e-15,6,"Acc",9,5.57800000000043
125290304,"Control",37.4824114277185,6,"Rej",3,9.45300000000043
125812308,"Intuitive",26.8725389916558,6,"Rej",3,10.031
129692408,"Intuitive",20.7332115674668,6,"Rej",3,10.1719999999996
131852625,"Control",11.5346206536447,6,"Rej",3,18.1409999999996
135410106,"Intuitive",-5.46187584631396,6,"Rej",3,3.17200000000048
141931012,"Control",35.7617070687069,6,"Rej",3,8.29699999999957
149582652,"Control",33.4325601384009,6,"Rej",3,8.656
161352335,"Control",14.203937953514,6,"Rej",3,4.32799999999952
181652608,"Intuitive",37.0928372970415,6,"Rej",3,8.45299999999952
191850490,"Intuitive",7.81529354676688,6,"Acc",8,8.36
208450435,"Control",7.81529354676688,6,"Acc",3,2.219
208851835,"Control",26.8725389916558,6,"Rej",3,7.46900000000005
251292867,"Control",16.6543063769233,6,"Rej",3,4.75
252652646,"Control",7.81529354676688,6,"Rej",3,5.125
312181449,"Reflective",25.1756871190605,6,"Acc",3,12.6410000000005
316150112,"Reflective",18.1084806779306,6,"Acc",9,8.671
318212509,"Reflective",7.81529354676688,6,"Rej",3,6.96900000000005
381933137,"Reflective",22.9821476918694,6,"Rej",3,8.094
411390749,"Reflective",7.81529354676688,6,"Acc",9,3.53200000000015
411850209,"Reflective",24.6148730721051,6,"Acc",9,9.375
415791916,"Reflective",12.5533665501306,6,"Rej",3,5.29600000000028
451310607,"Intuitive",7.81529354676688,6,"Rej",3,9.01500000000033
452690537,"Reflective",16.260204708312,6,"Acc",7,3.9380000000001
491931712,"Intuitive",7.81529354676688,6,"Rej",3,2.89099999999962
618492001,"Control",7.81529354676688,6,"Rej",3,6.48399999999992
651010705,"Reflective",23.8387401831717,6,"Rej",3,16.1559999999999
1011891815,"Intuitive",22.5670090778746,6,"Rej",3,11.6410000000001
1012390559,"Intuitive",37.0136158549098,6,"Rej",3,5.48499999999967
1017181538,"Control",37.4824114277185,6,"Acc",3,7.60899999999947
1052310418,"Reflective",37.4824114277185,6,"Rej",3,10.094
1111560221,"Reflective",28.6104596659652,6,"Rej",3,2.53099999999995
1112691640,"Intuitive",19.942384581697,6,"Rej",3,4.75
1127120906,"Control",34.8753283446022,6,"Rej",3,20.578
1141292605,"Reflective",37.4824114277185,6,"Acc",9,4.59400000000005
1141812844,"Control",7.81529354676688,6,"Rej",3,10.0630000000001
1142211220,"Control",37.4824114277185,6,"Acc",3,2.90599999999995
1147180702,"Reflective",7.81529354676688,6,"Acc",3,3.29699999999957
1151890521,"Reflective",7.81529354676688,6,"Acc",3,2.23399999999947
1215811002,"Intuitive",46.7357045889284,6,"Rej",3,6.34400000000005
1241952005,"Reflective",16.260204708312,6,"Rej",3,3.8130000000001
1255140310,"Control",26.8725389916558,6,"Acc",3,11.6719999999996
1311351408,"Intuitive",22.5670090778746,6,"Rej",3,4.89000000000033
1311931911,"Reflective",34.8753283446022,6,"Rej",3,14.6719999999996
1311950105,"Control",7.81529354676688,6,"Acc",3,6.60900000000038
1312182935,"Reflective",9.00850374202517,6,"Acc",3,5.32799999999952
1314252327,"Reflective",45,6,"Acc",3,4.48399999999992
1315852607,"Control",37.0928372970415,6,"Rej",3,5.32800000000043
1317123030,"Intuitive",15.2145409623114,6,"Acc",9,4.54699999999957
1351351216,"Intuitive",25.0018116728382,6,"Acc",9,3.65599999999995
1352350311,"Intuitive",-7.81529354676687,6,"Rej",3,5.75
1391450136,"Intuitive",16.260204708312,6,"Rej",3,3.51499999999942
1391992127,"Control",7.81529354676688,6,"Rej",3,15.7969999999996
1392180105,"Intuitive",32.0053832080835,6,"Rej",3,6.078
1411932811,"Control",36.6129676213405,6,"Rej",3,9.71900000000005
1412182614,"Control",45,6,"Rej",3,13.4369999999999
1491112569,"Reflective",29.00641590227,6,"Rej",3,8.20300000000043
1491930790,"Control",5.91392904080057,6,"Acc",3,7.40599999999995
1498290124,"Reflective",4.76364169072618,6,"Rej",3,7.063
1499181630,"Reflective",9.8966719676691,6,"Rej",3,5.54700000000048
1512211934,"Control",32.5279020507988,6,"Rej",3,6.82800000000043
1611011405,"Control",34.8753283446022,6,"Rej",3,2.95300000000043
1612181710,"Intuitive",37.0928372970415,6,"Rej",3,13.719
1681120634,"Control",34.8753283446022,6,"Rej",3,4.45299999999998
1681253002,"Reflective",31.1639506143602,6,"Rej",3,5.59299999999985
1852351249,"Control",23.5899901707433,6,"Rej",3,8.28200000000015
1891852736,"Reflective",13.4778227532413,6,"Rej",3,8.23400000000038
1911930583,"Control",15.6514064538554,6,"Rej",3,6.98399999999947
1992613006,"Intuitive",7.81529354676688,6,"Acc",4,16.6090000000004
1998150918,"Intuitive",45,6,"Acc",8,7.5
1998151281,"Control",7.81529354676688,6,"Rej",3,3.78200000000015
2011930504,"Intuitive",7.81529354676688,6,"Acc",3,8.98499999999967
2081930914,"Intuitive",2.02136494035603,6,"Acc",3,10.906
2251930306,"Reflective",8.76317912558711,6,"Acc",3,14.6719999999996
2291293135,"Reflective",7.81529354676688,6,"Acc",9,2.375
2299121632,"Reflective",32.1581037158278,6,"Acc",9,8.98399999999947
2516121436,"Intuitive",7.93826452354549,6,"Rej",3,4.95299999999952
2518151857,"Intuitive",-7.81529354676687,6,"Rej",3,3.67100000000028
2519201622,"Reflective",27.2040110760696,6,"Rej",3,8.1869999999999
3819202609,"Intuitive",23.5899901707433,6,"Rej",3,8.48400000000038
4118150609,"Intuitive",-13.0456370629486,6,"Rej",3,3.125
5122312404,"Control",21.7570972140475,6,"Rej",3,7.28200000000015
6121660921,"Intuitive",7.81529354676688,6,"Acc",9,1.14099999999962
6121852605,"Control",10.3851769867767,6,"Acc",3,7.90599999999995
6181310709,"Intuitive",21.932420948982,6,"Acc",5,7.6880000000001
6181932503,"Control",34.8753283446022,6,"Rej",3,7.75
6510213074,"Intuitive",5.82180374999988,6,"Rej",3,5.67100000000028
6511291824,"Control",41.0384731174898,6,"Rej",3,9.125
7519200418,"Reflective",6.59060876814889,6,"Acc",9,6.875
9121392535,"Control",22.7732156143502,6,"Rej",3,15.9220000000005
10151190635,"Reflective",18.841295056231,6,"Acc",3,2.35899999999992
10151310502,"Intuitive",28.6104596659652,6,"Rej",3,7.4380000000001
10151930823,"Control",23.8387401831717,6,"Acc",3,2.954
10151932240,"Control",20.9698255524625,6,"Rej",3,7.64000000000033
10151951431,"Intuitive",7.81529354676688,6,"Rej",3,9.15700000000015
10212152137,"Reflective",7.81529354676688,6,"Acc",6,3.95300000000043
10215130409,"Intuitive",9.57908233476071e-15,6,"Acc",8,3.89099999999962
10510152732,"Intuitive",27.5076754748896,6,"Rej",3,5.36000000000013
10515200349,"Reflective",33.8220852174939,6,"Rej",3,6.4369999999999
10519201421,"Intuitive",16.260204708312,6,"Rej",3,14.344
11110212226,"Control",12.8243981022352,6,"Acc",3,5.95400000000018
11121141555,"Reflective",7.81529354676688,6,"Rej",3,32.6100000000006
11127182520,"Reflective",30.5977842093342,6,"Acc",9,7.422
11320150220,"Control",12.3247274341374,6,"Rej",3,3.20300000000043
11411290835,"Control",5.82180374999988,6,"Rej",3,5.92199999999957
11414282111,"Intuitive",7.81529354676688,6,"Acc",3,1.516
11419162513,"Reflective",23.8387401831717,6,"Acc",3,8.65599999999995
13110282004,"Control",7.81529354676688,6,"Acc",3,10.4529999999995
13120182311,"Control",7.81529354676688,6,"Rej",3,5.3119999999999
13123150365,"Control",7.81529354676688,6,"Rej",3,5.45299999999952
13157180467,"Control",7.81529354676688,6,"Rej",3,5.04600000000028
13516210412,"Intuitive",20.5560452195835,6,"Rej",3,6.0630000000001
13911181470,"Control",7.81529354676688,6,"Acc",3,7.172
14121140705,"Reflective",7.54652262443571,6,"Rej",3,6.46900000000005
14913151632,"Intuitive",33.6207860851233,6,"Rej",3,3.25
14913152603,"Intuitive",31.0906104491822,6,"Rej",3,6.437
14921120821,"Intuitive",-7.81529354676687,6,"Acc",3,3.85900000000038
15121450822,"Intuitive",44.8339257418689,6,"Rej",6,5.20299999999952
16111282119,"Intuitive",18.0504191633375,6,"Acc",9,4.76599999999962
16812211317,"Control",37.4824114277185,6,"Rej",3,5.13999999999987
16820181412,"Reflective",16.260204708312,6,"Rej",3,4.328
18111182341,"Reflective",34.8753283446022,6,"Acc",3,2.34400000000005
18151212936,"Reflective",23.8387401831717,6,"Acc",9,6.875
18151931230,"Control",7.81529354676688,6,"Acc",3,2.98399999999992
18152182413,"Reflective",18.9497879271144,6,"Acc",3,9.344
18912150705,"Reflective",26.8725389916558,6,"Rej",3,4.67199999999957
19111212422,"Intuitive",34.8753283446022,6,"Rej",3,5.25
19118151208,"Reflective",25.893646994228,6,"Acc",9,3.03099999999995
19201930903,"Control",30.8810786969436,6,"Rej",3,5.469
19203122929,"Intuitive",7.81529354676688,6,"Acc",3,14.297
19212210916,"Reflective",7.81529354676688,6,"Acc",3,2.76599999999962
19216151951,"Reflective",34.8753283446022,6,"Acc",9,8.75
19221290906,"Reflective",10.3851769867767,6,"Acc",3,3.4380000000001
19228152805,"Control",-7.81529354676687,6,"Rej",3,17.9059999999999
20151310935,"Control",34.8753283446022,6,"Rej",3,3.53099999999995
22511122211,"Control",18.028602589613,6,"Acc",3,6.78099999999995
22512210131,"Intuitive",9.73173703332263e-15,6,"Acc",3,7.6869999999999
22910150521,"Reflective",12.3247274341374,6,"Acc",9,5.84299999999985
31211153008,"Reflective",-7.81529354676687,6,"Rej",3,4.75
91911280637,"Intuitive",19.9037495373078,6,"Rej",3,5.344
102111211209,"Intuitive",32.9052429229879,6,"Acc",9,5.60999999999967
102118151706,"Control",-16.260204708312,6,"Rej",3,10.9380000000001
122126212035,"Control",7.81529354676688,6,"Rej",3,7.34400000000005
131511181143,"Intuitive",37.4824114277185,6,"Acc",7,8.51500000000033
191515212537,"Control",10.3851769867767,6,"Rej",3,4.78099999999995
192013211630,"Reflective",23.5899901707433,6,"Acc",8,16.875
192022152108,"Reflective",7.81529354676688,6,"Rej",3,16.2340000000004
31810627,"Intuitive",18.434948822922,7,"Acc",9,3.53099999999995
38452435,"Intuitive",7.81529354676688,7,"Acc",3,7
114251020,"Control",28.4777430083595,7,"Acc",9,3.20300000000043
114251837,"Intuitive",16.260204708312,7,"Rej",3,4.76600000000053
114382235,"Reflective",18.9432630612515,7,"Rej",3,10.25
114811521,"Reflective",7.81529354676688,7,"Acc",3,6.6880000000001
114812301,"Intuitive",45,7,"Acc",9,2.14100000000053
115850905,"Intuitive",9.57908233476071e-15,7,"Rej",3,7.70299999999952
125290304,"Control",37.4824114277185,7,"Acc",8,4.64099999999962
125812308,"Intuitive",26.8725389916558,7,"Acc",9,5.07800000000043
129692408,"Intuitive",20.7332115674668,7,"Acc",9,5.53200000000015
131852625,"Control",11.5346206536447,7,"Acc",9,7.65599999999995
135410106,"Intuitive",-5.46187584631396,7,"Acc",9,4.65700000000015
141931012,"Control",35.7617070687069,7,"Acc",9,7.07799999999952
149582652,"Control",33.4325601384009,7,"Acc",9,3.203
161352335,"Control",14.203937953514,7,"Acc",9,4.04699999999957
181652608,"Intuitive",37.0928372970415,7,"Acc",9,4.20299999999952
191850490,"Intuitive",7.81529354676688,7,"Rej",3,7.125
208450435,"Control",7.81529354676688,7,"Acc",9,1.938
208851835,"Control",26.8725389916558,7,"Acc",9,5.89099999999962
251292867,"Control",16.6543063769233,7,"Acc",9,2.282
252652646,"Control",7.81529354676688,7,"Acc",9,5.079
312181449,"Reflective",25.1756871190605,7,"Acc",9,4.73499999999967
316150112,"Reflective",18.1084806779306,7,"Rej",3,7.047
318212509,"Reflective",7.81529354676688,7,"Acc",9,4.17200000000048
381933137,"Reflective",22.9821476918694,7,"Acc",9,4.141
411390749,"Reflective",7.81529354676688,7,"Rej",3,2.65599999999995
411850209,"Reflective",24.6148730721051,7,"Rej",3,8.95299999999952
415791916,"Reflective",12.5533665501306,7,"Acc",9,3.875
451310607,"Intuitive",7.81529354676688,7,"Acc",9,3.1869999999999
452690537,"Reflective",16.260204708312,7,"Acc",3,17.5630000000001
491931712,"Intuitive",7.81529354676688,7,"Acc",9,2.59400000000005
618492001,"Control",7.81529354676688,7,"Acc",9,5.82799999999998
651010705,"Reflective",23.8387401831717,7,"Acc",9,2.1869999999999
1011891815,"Intuitive",22.5670090778746,7,"Acc",9,2.65599999999995
1012390559,"Intuitive",37.0136158549098,7,"Acc",9,4.1869999999999
1017181538,"Control",37.4824114277185,7,"Acc",8,3.5
1052310418,"Reflective",37.4824114277185,7,"Acc",9,6.20299999999998
1111560221,"Reflective",28.6104596659652,7,"Acc",9,4.17200000000048
1112691640,"Intuitive",19.942384581697,7,"Acc",9,3.625
1127120906,"Control",34.8753283446022,7,"Acc",9,9.406
1141292605,"Reflective",37.4824114277185,7,"Rej",3,5.28099999999995
1141812844,"Control",7.81529354676688,7,"Acc",9,4.67200000000048
1142211220,"Control",37.4824114277185,7,"Acc",9,3.5
1147180702,"Reflective",7.81529354676688,7,"Acc",9,2.54699999999957
1151890521,"Reflective",7.81529354676688,7,"Acc",9,3.14099999999962
1215811002,"Intuitive",46.7357045889284,7,"Acc",9,6.96799999999985
1241952005,"Reflective",16.260204708312,7,"Acc",9,2.57799999999997
1255140310,"Control",26.8725389916558,7,"Acc",6,4.90599999999995
1311351408,"Intuitive",22.5670090778746,7,"Acc",9,5.15700000000015
1311931911,"Reflective",34.8753283446022,7,"Acc",9,5.98499999999967
1311950105,"Control",7.81529354676688,7,"Acc",9,6.42199999999957
1312182935,"Reflective",9.00850374202517,7,"Acc",8,5.60900000000038
1314252327,"Reflective",45,7,"Acc",9,3.15599999999995
1315852607,"Control",37.0928372970415,7,"Acc",9,4.125
1317123030,"Intuitive",15.2145409623114,7,"Rej",3,6.625
1351351216,"Intuitive",25.0018116728382,7,"Rej",3,5.29699999999957
1352350311,"Intuitive",-7.81529354676687,7,"Acc",9,5.04699999999957
1391450136,"Intuitive",16.260204708312,7,"Acc",9,3.125
1391992127,"Control",7.81529354676688,7,"Acc",9,6.25
1392180105,"Intuitive",32.0053832080835,7,"Acc",9,5.593
1411932811,"Control",36.6129676213405,7,"Acc",9,6.10999999999967
1412182614,"Control",45,7,"Acc",9,5.39000000000033
1491112569,"Reflective",29.00641590227,7,"Acc",9,3.82800000000043
1491930790,"Control",5.91392904080057,7,"Acc",9,2.59400000000005
1498290124,"Reflective",4.76364169072618,7,"Acc",9,4.265
1499181630,"Reflective",9.8966719676691,7,"Acc",9,3.92199999999957
1512211934,"Control",32.5279020507988,7,"Acc",5,3.70299999999952
1611011405,"Control",34.8753283446022,7,"Acc",9,4.5
1612181710,"Intuitive",37.0928372970415,7,"Acc",9,2.78099999999995
1681120634,"Control",34.8753283446022,7,"Acc",9,5.34400000000005
1681253002,"Reflective",31.1639506143602,7,"Acc",9,4.4369999999999
1852351249,"Control",23.5899901707433,7,"Acc",9,5.29699999999957
1891852736,"Reflective",13.4778227532413,7,"Acc",9,5.625
1911930583,"Control",15.6514064538554,7,"Acc",9,3.26600000000053
1992613006,"Intuitive",7.81529354676688,7,"Acc",3,10.9529999999995
1998150918,"Intuitive",45,7,"Rej",3,8.26599999999962
1998151281,"Control",7.81529354676688,7,"Acc",9,2.71900000000005
2011930504,"Intuitive",7.81529354676688,7,"Acc",9,3.71799999999985
2081930914,"Intuitive",2.02136494035603,7,"Acc",9,9.125
2251930306,"Reflective",8.76317912558711,7,"Acc",9,3.875
2291293135,"Reflective",7.81529354676688,7,"Rej",3,2.9380000000001
2299121632,"Reflective",32.1581037158278,7,"Acc",3,10.625
2516121436,"Intuitive",7.93826452354549,7,"Acc",9,2.8130000000001
2518151857,"Intuitive",-7.81529354676687,7,"Acc",9,3.4369999999999
2519201622,"Reflective",27.2040110760696,7,"Acc",7,6.03099999999995
3819202609,"Intuitive",23.5899901707433,7,"Acc",9,8.23500000000058
4118150609,"Intuitive",-13.0456370629486,7,"Acc",9,2.76600000000008
5122312404,"Control",21.7570972140475,7,"Acc",9,5.57800000000043
6121660921,"Intuitive",7.81529354676688,7,"Acc",3,2.67199999999957
6121852605,"Control",10.3851769867767,7,"Acc",9,2.4369999999999
6181310709,"Intuitive",21.932420948982,7,"Acc",3,4.79700000000003
6181932503,"Control",34.8753283446022,7,"Acc",9,3.28200000000015
6510213074,"Intuitive",5.82180374999988,7,"Acc",9,3.26599999999962
6511291824,"Control",41.0384731174898,7,"Acc",9,6.57900000000018
7519200418,"Reflective",6.59060876814889,7,"Rej",3,8.95299999999952
9121392535,"Control",22.7732156143502,7,"Acc",9,1.89099999999962
10151190635,"Reflective",18.841295056231,7,"Acc",9,3.03099999999995
10151310502,"Intuitive",28.6104596659652,7,"Acc",9,2.34400000000005
10151930823,"Control",23.8387401831717,7,"Acc",9,4.781
10151932240,"Control",20.9698255524625,7,"Acc",9,3.25
10151951431,"Intuitive",7.81529354676688,7,"Acc",9,4.15599999999995
10212152137,"Reflective",7.81529354676688,7,"Acc",3,4.0619999999999
10215130409,"Intuitive",9.57908233476071e-15,7,"Rej",3,3.28099999999995
10510152732,"Intuitive",27.5076754748896,7,"Acc",9,2.64100000000008
10515200349,"Reflective",33.8220852174939,7,"Acc",9,3.375
10519201421,"Intuitive",16.260204708312,7,"Acc",9,8.375
11110212226,"Control",12.8243981022352,7,"Acc",5,5.32799999999998
11121141555,"Reflective",7.81529354676688,7,"Acc",9,6.84299999999985
11127182520,"Reflective",30.5977842093342,7,"Rej",3,6.172
11320150220,"Control",12.3247274341374,7,"Acc",9,2.71799999999985
11411290835,"Control",5.82180374999988,7,"Acc",9,5.59400000000005
11414282111,"Intuitive",7.81529354676688,7,"Acc",9,1.437
11419162513,"Reflective",23.8387401831717,7,"Acc",7,5.625
13110282004,"Control",7.81529354676688,7,"Acc",9,6.51599999999962
13120182311,"Control",7.81529354676688,7,"Acc",9,4.98400000000038
13123150365,"Control",7.81529354676688,7,"Acc",9,6.5
13157180467,"Control",7.81529354676688,7,"Acc",9,2.8130000000001
13516210412,"Intuitive",20.5560452195835,7,"Acc",9,3.20300000000043
13911181470,"Control",7.81529354676688,7,"Acc",9,9
14121140705,"Reflective",7.54652262443571,7,"Acc",8,6.48500000000058
14913151632,"Intuitive",33.6207860851233,7,"Acc",9,2.5
14913152603,"Intuitive",31.0906104491822,7,"Acc",9,4.875
14921120821,"Intuitive",-7.81529354676687,7,"Acc",9,5.57899999999972
15121450822,"Intuitive",44.8339257418689,7,"Rej",3,4.96900000000005
16111282119,"Intuitive",18.0504191633375,7,"Rej",3,6.3130000000001
16812211317,"Control",37.4824114277185,7,"Acc",9,3.04700000000003
16820181412,"Reflective",16.260204708312,7,"Acc",9,3.203
18111182341,"Reflective",34.8753283446022,7,"Acc",4,2.71900000000005
18151212936,"Reflective",23.8387401831717,7,"Rej",3,10.6869999999999
18151931230,"Control",7.81529354676688,7,"Acc",9,2.90599999999995
18152182413,"Reflective",18.9497879271144,7,"Acc",9,4.719
18912150705,"Reflective",26.8725389916558,7,"Acc",9,3.10899999999947
19111212422,"Intuitive",34.8753283446022,7,"Acc",9,3.82800000000043
19118151208,"Reflective",25.893646994228,7,"Rej",3,4.89099999999962
19201930903,"Control",30.8810786969436,7,"Acc",9,4.765
19203122929,"Intuitive",7.81529354676688,7,"Acc",9,5.062
19212210916,"Reflective",7.81529354676688,7,"Acc",9,2.60999999999967
19216151951,"Reflective",34.8753283446022,7,"Acc",3,7.75
19221290906,"Reflective",10.3851769867767,7,"Acc",9,2.54700000000048
19228152805,"Control",-7.81529354676687,7,"Acc",9,4.625
20151310935,"Control",34.8753283446022,7,"Acc",9,3.29600000000028
22511122211,"Control",18.028602589613,7,"Acc",9,5.14100000000053
22512210131,"Intuitive",9.73173703332263e-15,7,"Acc",9,3.82799999999952
22910150521,"Reflective",12.3247274341374,7,"Rej",3,6.57800000000043
31211153008,"Reflective",-7.81529354676687,7,"Acc",9,5.48499999999967
91911280637,"Intuitive",19.9037495373078,7,"Rej",3,7.781
102111211209,"Intuitive",32.9052429229879,7,"Rej",3,9.28200000000015
102118151706,"Control",-16.260204708312,7,"Acc",9,4.6880000000001
122126212035,"Control",7.81529354676688,7,"Acc",8,4.48500000000058
131511181143,"Intuitive",37.4824114277185,7,"Rej",3,4.40700000000015
191515212537,"Control",10.3851769867767,7,"Acc",9,3.875
192013211630,"Reflective",23.5899901707433,7,"Acc",3,25.9849999999997
192022152108,"Reflective",7.81529354676688,7,"Acc",9,4.54700000000048
31810627,"Intuitive",18.434948822922,8,"Acc",1,6.48499999999967
38452435,"Intuitive",7.81529354676688,8,"Acc",9,2.95299999999997
114251020,"Control",28.4777430083595,8,"Acc",9,4.35899999999947
114251837,"Intuitive",16.260204708312,8,"Acc",9,3.59400000000005
114382235,"Reflective",18.9432630612515,8,"Acc",9,10.8589999999995
114811521,"Reflective",7.81529354676688,8,"Acc",9,3.40599999999995
114812301,"Intuitive",45,8,"Rej",1,4.5
115850905,"Intuitive",9.57908233476071e-15,8,"Acc",9,2.75
125290304,"Control",37.4824114277185,8,"Acc",9,3.25
125812308,"Intuitive",26.8725389916558,8,"Rej",1,7.6869999999999
129692408,"Intuitive",20.7332115674668,8,"Rej",1,12.25
131852625,"Control",11.5346206536447,8,"Rej",1,10.7659999999996
135410106,"Intuitive",-5.46187584631396,8,"Rej",1,3.70300000000043
141931012,"Control",35.7617070687069,8,"Rej",1,10.9529999999995
149582652,"Control",33.4325601384009,8,"Acc",1,2.672
161352335,"Control",14.203937953514,8,"Acc",9,5.5619999999999
181652608,"Intuitive",37.0928372970415,8,"Rej",1,12.3599999999997
191850490,"Intuitive",7.81529354676688,8,"Acc",9,5.813
208450435,"Control",7.81529354676688,8,"Acc",1,4.656
208851835,"Control",26.8725389916558,8,"Rej",3,8.01600000000053
251292867,"Control",16.6543063769233,8,"Acc",9,2.906
252652646,"Control",7.81529354676688,8,"Rej",6,6.843
312181449,"Reflective",25.1756871190605,8,"Acc",9,4.10899999999947
316150112,"Reflective",18.1084806779306,8,"Acc",9,8.329
318212509,"Reflective",7.81529354676688,8,"Acc",9,9.25
381933137,"Reflective",22.9821476918694,8,"Acc",9,5.062
411390749,"Reflective",7.81529354676688,8,"Acc",9,3.64100000000053
411850209,"Reflective",24.6148730721051,8,"Acc",9,3.89099999999962
415791916,"Reflective",12.5533665501306,8,"Acc",9,5.23400000000038
451310607,"Intuitive",7.81529354676688,8,"Rej",1,3.90599999999995
452690537,"Reflective",16.260204708312,8,"Acc",9,6.34400000000005
491931712,"Intuitive",7.81529354676688,8,"Rej",1,5.28099999999995
618492001,"Control",7.81529354676688,8,"Acc",9,3.59299999999985
651010705,"Reflective",23.8387401831717,8,"Acc",8,6.76500000000033
1011891815,"Intuitive",22.5670090778746,8,"Rej",1,16.4690000000001
1012390559,"Intuitive",37.0136158549098,8,"Rej",1,6.5
1017181538,"Control",37.4824114277185,8,"Acc",9,4.98399999999947
1052310418,"Reflective",37.4824114277185,8,"Acc",9,4.34400000000005
1111560221,"Reflective",28.6104596659652,8,"Acc",9,2.96900000000005
1112691640,"Intuitive",19.942384581697,8,"Rej",1,4.60899999999947
1127120906,"Control",34.8753283446022,8,"Rej",1,11.437
1141292605,"Reflective",37.4824114277185,8,"Acc",9,4.76499999999987
1141812844,"Control",7.81529354676688,8,"Acc",9,4.85900000000038
1142211220,"Control",37.4824114277185,8,"Acc",9,3.5619999999999
1147180702,"Reflective",7.81529354676688,8,"Acc",1,7.10900000000038
1151890521,"Reflective",7.81529354676688,8,"Acc",7,4.60899999999947
1215811002,"Intuitive",46.7357045889284,8,"Rej",1,5.125
1241952005,"Reflective",16.260204708312,8,"Acc",9,10.6410000000001
1255140310,"Control",26.8725389916558,8,"Acc",9,7.07800000000043
1311351408,"Intuitive",22.5670090778746,8,"Rej",1,4.9369999999999
1311931911,"Reflective",34.8753283446022,8,"Acc",9,6.46900000000005
1311950105,"Control",7.81529354676688,8,"Rej",1,5.8130000000001
1312182935,"Reflective",9.00850374202517,8,"Acc",9,3.375
1314252327,"Reflective",45,8,"Acc",9,3.67200000000003
1315852607,"Control",37.0928372970415,8,"Rej",1,2.82799999999952
1317123030,"Intuitive",15.2145409623114,8,"Acc",9,4.96900000000005
1351351216,"Intuitive",25.0018116728382,8,"Acc",9,2.70300000000043
1352350311,"Intuitive",-7.81529354676687,8,"Rej",1,6.75
1391450136,"Intuitive",16.260204708312,8,"Rej",1,3.98499999999967
1391992127,"Control",7.81529354676688,8,"Rej",1,12.281
1392180105,"Intuitive",32.0053832080835,8,"Rej",1,5.422
1411932811,"Control",36.6129676213405,8,"Rej",1,7.46900000000005
1412182614,"Control",45,8,"Rej",1,15.2660000000005
1491112569,"Reflective",29.00641590227,8,"Acc",9,2.54700000000048
1491930790,"Control",5.91392904080057,8,"Acc",1,7.34400000000005
1498290124,"Reflective",4.76364169072618,8,"Acc",9,3.172
1499181630,"Reflective",9.8966719676691,8,"Acc",9,4.14000000000033
1512211934,"Control",32.5279020507988,8,"Acc",9,4.03099999999995
1611011405,"Control",34.8753283446022,8,"Acc",7,3.03099999999995
1612181710,"Intuitive",37.0928372970415,8,"Rej",1,8.01600000000053
1681120634,"Control",34.8753283446022,8,"Rej",1,6.625
1681253002,"Reflective",31.1639506143602,8,"Acc",9,3.75
1852351249,"Control",23.5899901707433,8,"Rej",1,8.42199999999957
1891852736,"Reflective",13.4778227532413,8,"Acc",9,3.95299999999952
1911930583,"Control",15.6514064538554,8,"Acc",9,4.15700000000015
1992613006,"Intuitive",7.81529354676688,8,"Acc",9,5.60900000000038
1998150918,"Intuitive",45,8,"Acc",9,8.59400000000005
1998151281,"Control",7.81529354676688,8,"Rej",1,4.67199999999957
2011930504,"Intuitive",7.81529354676688,8,"Rej",1,3.82899999999972
2081930914,"Intuitive",2.02136494035603,8,"Rej",1,10.0630000000001
2251930306,"Reflective",8.76317912558711,8,"Acc",7,5.25
2291293135,"Reflective",7.81529354676688,8,"Acc",9,2.45300000000043
2299121632,"Reflective",32.1581037158278,8,"Acc",9,5.64099999999962
2516121436,"Intuitive",7.93826452354549,8,"Rej",1,3.54700000000048
2518151857,"Intuitive",-7.81529354676687,8,"Rej",1,5.35900000000038
2519201622,"Reflective",27.2040110760696,8,"Acc",9,4.8130000000001
3819202609,"Intuitive",23.5899901707433,8,"Rej",1,9.25
4118150609,"Intuitive",-13.0456370629486,8,"Rej",1,3.90700000000015
5122312404,"Control",21.7570972140475,8,"Acc",9,3.35900000000038
6121660921,"Intuitive",7.81529354676688,8,"Acc",9,2.48399999999947
6121852605,"Control",10.3851769867767,8,"Rej",1,7.79600000000028
6181310709,"Intuitive",21.932420948982,8,"Acc",9,2.60899999999992
6181932503,"Control",34.8753283446022,8,"Rej",1,7.32799999999952
6510213074,"Intuitive",5.82180374999988,8,"Rej",1,5.46900000000005
6511291824,"Control",41.0384731174898,8,"Acc",9,10.6880000000001
7519200418,"Reflective",6.59060876814889,8,"Acc",9,4.67199999999957
9121392535,"Control",22.7732156143502,8,"Acc",9,3.75
10151190635,"Reflective",18.841295056231,8,"Acc",9,2.92200000000003
10151310502,"Intuitive",28.6104596659652,8,"Rej",1,7.84400000000005
10151930823,"Control",23.8387401831717,8,"Rej",1,5.609
10151932240,"Control",20.9698255524625,8,"Rej",1,5.09400000000005
10151951431,"Intuitive",7.81529354676688,8,"Rej",1,13.719
10212152137,"Reflective",7.81529354676688,8,"Acc",9,4.60899999999947
10215130409,"Intuitive",9.57908233476071e-15,8,"Acc",9,3.20299999999952
10510152732,"Intuitive",27.5076754748896,8,"Rej",1,5.65700000000015
10515200349,"Reflective",33.8220852174939,8,"Rej",4,2.42100000000028
10519201421,"Intuitive",16.260204708312,8,"Rej",1,10.9219999999996
11110212226,"Control",12.8243981022352,8,"Acc",9,4.51499999999987
11121141555,"Reflective",7.81529354676688,8,"Rej",2,9.07800000000043
11127182520,"Reflective",30.5977842093342,8,"Acc",9,6.328
11320150220,"Control",12.3247274341374,8,"Acc",8,3.375
11411290835,"Control",5.82180374999988,8,"Rej",1,5.4369999999999
11414282111,"Intuitive",7.81529354676688,8,"Acc",1,1.235
11419162513,"Reflective",23.8387401831717,8,"Acc",9,3.20399999999972
13110282004,"Control",7.81529354676688,8,"Acc",9,5.28099999999995
13120182311,"Control",7.81529354676688,8,"Acc",9,5.39099999999962
13123150365,"Control",7.81529354676688,8,"Rej",1,7.84400000000005
13157180467,"Control",7.81529354676688,8,"Rej",1,5.90599999999995
13516210412,"Intuitive",20.5560452195835,8,"Rej",1,3.39000000000033
13911181470,"Control",7.81529354676688,8,"Acc",9,3.328
14121140705,"Reflective",7.54652262443571,8,"Acc",9,3.42199999999957
14913151632,"Intuitive",33.6207860851233,8,"Rej",1,4.76599999999962
14913152603,"Intuitive",31.0906104491822,8,"Rej",1,5.094
14921120821,"Intuitive",-7.81529354676687,8,"Acc",1,4.875
15121450822,"Intuitive",44.8339257418689,8,"Acc",9,5.5630000000001
16111282119,"Intuitive",18.0504191633375,8,"Acc",9,4.79699999999957
16812211317,"Control",37.4824114277185,8,"Rej",1,6.14100000000008
16820181412,"Reflective",16.260204708312,8,"Acc",9,2.375
18111182341,"Reflective",34.8753283446022,8,"Acc",9,4.60900000000038
18151212936,"Reflective",23.8387401831717,8,"Acc",9,3.1869999999999
18151931230,"Control",7.81529354676688,8,"Acc",1,7.09400000000005
18152182413,"Reflective",18.9497879271144,8,"Acc",9,9.766
18912150705,"Reflective",26.8725389916558,8,"Rej",1,4.875
19111212422,"Intuitive",34.8753283446022,8,"Rej",1,7.5
19118151208,"Reflective",25.893646994228,8,"Acc",9,5.71900000000005
19201930903,"Control",30.8810786969436,8,"Acc",9,5.391
19203122929,"Intuitive",7.81529354676688,8,"Rej",1,6.359
19212210916,"Reflective",7.81529354676688,8,"Acc",5,2.70300000000043
19216151951,"Reflective",34.8753283446022,8,"Acc",9,6.20299999999998
19221290906,"Reflective",10.3851769867767,8,"Acc",9,3.3119999999999
19228152805,"Control",-7.81529354676687,8,"Rej",6,13.4529999999995
20151310935,"Control",34.8753283446022,8,"Acc",9,3.82799999999952
22511122211,"Control",18.028602589613,8,"Acc",9,3.01500000000033
22512210131,"Intuitive",9.73173703332263e-15,8,"Rej",1,9.75
22910150521,"Reflective",12.3247274341374,8,"Acc",9,2.42100000000028
31211153008,"Reflective",-7.81529354676687,8,"Acc",9,3.04699999999957
91911280637,"Intuitive",19.9037495373078,8,"Acc",9,3.843
102111211209,"Intuitive",32.9052429229879,8,"Acc",9,6.89099999999962
102118151706,"Control",-16.260204708312,8,"Acc",1,12.031
122126212035,"Control",7.81529354676688,8,"Acc",9,5.6880000000001
131511181143,"Intuitive",37.4824114277185,8,"Acc",9,7.125
191515212537,"Control",10.3851769867767,8,"Acc",9,3.0630000000001
192013211630,"Reflective",23.5899901707433,8,"Acc",9,7.73399999999947
192022152108,"Reflective",7.81529354676688,8,"Acc",6,9.10999999999967
31810627,"Intuitive",18.434948822922,9,"Rej",4,4.79699999999957
38452435,"Intuitive",7.81529354676688,9,"Rej",1,3.84400000000005
114251020,"Control",28.4777430083595,9,"Rej",1,5.5
114251837,"Intuitive",16.260204708312,9,"Rej",1,5.17200000000048
114382235,"Reflective",18.9432630612515,9,"Rej",1,25.2650000000003
114811521,"Reflective",7.81529354676688,9,"Rej",1,2.625
114812301,"Intuitive",45,9,"Rej",4,2.625
115850905,"Intuitive",9.57908233476071e-15,9,"Rej",1,6.625
125290304,"Control",37.4824114277185,9,"Rej",1,5.42199999999957
125812308,"Intuitive",26.8725389916558,9,"Acc",4,9.21900000000005
129692408,"Intuitive",20.7332115674668,9,"Acc",9,6.84299999999985
131852625,"Control",11.5346206536447,9,"Acc",9,5.375
135410106,"Intuitive",-5.46187584631396,9,"Rej",4,3.45300000000043
141931012,"Control",35.7617070687069,9,"Acc",9,6
149582652,"Control",33.4325601384009,9,"Rej",4,22.359
161352335,"Control",14.203937953514,9,"Rej",1,9.51599999999962
181652608,"Intuitive",37.0928372970415,9,"Acc",4,4.5619999999999
191850490,"Intuitive",7.81529354676688,9,"Acc",1,6.891
208450435,"Control",7.81529354676688,9,"Acc",5,2.266
208851835,"Control",26.8725389916558,9,"Rej",1,6.53099999999995
251292867,"Control",16.6543063769233,9,"Rej",1,6.344
252652646,"Control",7.81529354676688,9,"Rej",1,11.625
312181449,"Reflective",25.1756871190605,9,"Rej",1,5.34299999999985
316150112,"Reflective",18.1084806779306,9,"Rej",1,5.688
318212509,"Reflective",7.81529354676688,9,"Rej",1,7.5630000000001
381933137,"Reflective",22.9821476918694,9,"Rej",1,9.75
411390749,"Reflective",7.81529354676688,9,"Rej",1,2.73399999999947
411850209,"Reflective",24.6148730721051,9,"Rej",1,7.90599999999995
415791916,"Reflective",12.5533665501306,9,"Rej",1,6.40700000000015
451310607,"Intuitive",7.81529354676688,9,"Acc",9,2.4369999999999
452690537,"Reflective",16.260204708312,9,"Rej",1,7.125
491931712,"Intuitive",7.81529354676688,9,"Acc",4,10.156
618492001,"Control",7.81529354676688,9,"Rej",1,3.6869999999999
651010705,"Reflective",23.8387401831717,9,"Rej",1,5.95300000000043
1011891815,"Intuitive",22.5670090778746,9,"Rej",4,5.35899999999992
1012390559,"Intuitive",37.0136158549098,9,"Acc",9,2.8119999999999
1017181538,"Control",37.4824114277185,9,"Acc",1,4.90700000000015
1052310418,"Reflective",37.4824114277185,9,"Rej",1,8.26600000000008
1111560221,"Reflective",28.6104596659652,9,"Rej",1,3.92200000000048
1112691640,"Intuitive",19.942384581697,9,"Acc",9,3.04700000000048
1127120906,"Control",34.8753283446022,9,"Rej",4,12.687
1141292605,"Reflective",37.4824114277185,9,"Rej",1,5.46799999999985
1141812844,"Control",7.81529354676688,9,"Rej",1,8.625
1142211220,"Control",37.4824114277185,9,"Rej",1,4.39100000000053
1147180702,"Reflective",7.81529354676688,9,"Acc",4,4.29699999999957
1151890521,"Reflective",7.81529354676688,9,"Acc",1,3.29700000000048
1215811002,"Intuitive",46.7357045889284,9,"Acc",9,4.07799999999952
1241952005,"Reflective",16.260204708312,9,"Rej",1,3.67200000000003
1255140310,"Control",26.8725389916558,9,"Rej",1,4.82800000000043
1311351408,"Intuitive",22.5670090778746,9,"Acc",9,2.98399999999947
1311931911,"Reflective",34.8753283446022,9,"Rej",1,10.8280000000004
1311950105,"Control",7.81529354676688,9,"Acc",9,5.20300000000043
1312182935,"Reflective",9.00850374202517,9,"Rej",1,4.5
1314252327,"Reflective",45,9,"Rej",1,3.54700000000003
1315852607,"Control",37.0928372970415,9,"Acc",8,2.46900000000005
1317123030,"Intuitive",15.2145409623114,9,"Rej",1,6
1351351216,"Intuitive",25.0018116728382,9,"Rej",1,5.625
1352350311,"Intuitive",-7.81529354676687,9,"Acc",4,9.15599999999995
1391450136,"Intuitive",16.260204708312,9,"Rej",2,3
1391992127,"Control",7.81529354676688,9,"Acc",4,13.9380000000001
1392180105,"Intuitive",32.0053832080835,9,"Acc",9,5.968
1411932811,"Control",36.6129676213405,9,"Acc",9,4
1412182614,"Control",45,9,"Acc",9,8.70300000000043
1491112569,"Reflective",29.00641590227,9,"Rej",1,6.79699999999957
1491930790,"Control",5.91392904080057,9,"Acc",9,4.29699999999957
1498290124,"Reflective",4.76364169072618,9,"Rej",1,5.469
1499181630,"Reflective",9.8966719676691,9,"Rej",1,6.6880000000001
1512211934,"Control",32.5279020507988,9,"Rej",1,4.17199999999957
1611011405,"Control",34.8753283446022,9,"Rej",1,3.79699999999957
1612181710,"Intuitive",37.0928372970415,9,"Acc",9,3.21900000000005
1681120634,"Control",34.8753283446022,9,"Rej",5,5.98500000000013
1681253002,"Reflective",31.1639506143602,9,"Rej",1,5.5630000000001
1852351249,"Control",23.5899901707433,9,"Acc",8,13.4210000000003
1891852736,"Reflective",13.4778227532413,9,"Rej",1,7.34400000000005
1911930583,"Control",15.6514064538554,9,"Rej",1,5.34400000000005
1992613006,"Intuitive",7.81529354676688,9,"Rej",1,4.98400000000038
1998150918,"Intuitive",45,9,"Rej",1,7.98499999999967
1998151281,"Control",7.81529354676688,9,"Acc",8,3.70299999999952
2011930504,"Intuitive",7.81529354676688,9,"Acc",4,4.45300000000043
2081930914,"Intuitive",2.02136494035603,9,"Acc",4,6.67199999999957
2251930306,"Reflective",8.76317912558711,9,"Rej",1,4.32799999999952
2291293135,"Reflective",7.81529354676688,9,"Rej",1,5.21900000000005
2299121632,"Reflective",32.1581037158278,9,"Rej",1,5.29700000000048
2516121436,"Intuitive",7.93826452354549,9,"Rej",4,4.53200000000015
2518151857,"Intuitive",-7.81529354676687,9,"Acc",9,3.0630000000001
2519201622,"Reflective",27.2040110760696,9,"Rej",1,6.15700000000015
3819202609,"Intuitive",23.5899901707433,9,"Rej",4,4.125
4118150609,"Intuitive",-13.0456370629486,9,"Acc",9,2.76600000000008
5122312404,"Control",21.7570972140475,9,"Rej",1,5.95300000000043
6121660921,"Intuitive",7.81529354676688,9,"Acc",1,1.14100000000053
6121852605,"Control",10.3851769867767,9,"Acc",4,4.1880000000001
6181310709,"Intuitive",21.932420948982,9,"Rej",1,4.1880000000001
6181932503,"Control",34.8753283446022,9,"Acc",4,9.73400000000038
6510213074,"Intuitive",5.82180374999988,9,"Acc",9,2.89099999999962
6511291824,"Control",41.0384731174898,9,"Rej",1,9.51499999999987
7519200418,"Reflective",6.59060876814889,9,"Rej",1,10.7030000000004
9121392535,"Control",22.7732156143502,9,"Rej",1,7.32800000000043
10151190635,"Reflective",18.841295056231,9,"Acc",1,11.125
10151310502,"Intuitive",28.6104596659652,9,"Acc",4,8.54699999999957
10151930823,"Control",23.8387401831717,9,"Acc",7,3.063
10151932240,"Control",20.9698255524625,9,"Rej",4,6.04699999999957
10151951431,"Intuitive",7.81529354676688,9,"Rej",4,8.17200000000003
10212152137,"Reflective",7.81529354676688,9,"Rej",1,7.25
10215130409,"Intuitive",9.57908233476071e-15,9,"Rej",1,2.96900000000005
10510152732,"Intuitive",27.5076754748896,9,"Acc",9,3.17200000000003
10515200349,"Reflective",33.8220852174939,9,"Rej",1,3.1880000000001
10519201421,"Intuitive",16.260204708312,9,"Acc",9,7.71799999999985
11110212226,"Control",12.8243981022352,9,"Acc",1,6.4369999999999
11121141555,"Reflective",7.81529354676688,9,"Rej",1,8.73499999999967
11127182520,"Reflective",30.5977842093342,9,"Rej",1,8.797
11320150220,"Control",12.3247274341374,9,"Rej",1,4.03200000000015
11411290835,"Control",5.82180374999988,9,"Acc",9,4.01599999999962
11414282111,"Intuitive",7.81529354676688,9,"Acc",4,1.969
11419162513,"Reflective",23.8387401831717,9,"Acc",1,3.90599999999995
13110282004,"Control",7.81529354676688,9,"Acc",1,10.9850000000006
13120182311,"Control",7.81529354676688,9,"Rej",1,5.57800000000043
13123150365,"Control",7.81529354676688,9,"Rej",4,6.92200000000048
13157180467,"Control",7.81529354676688,9,"Rej",4,4.21900000000005
13516210412,"Intuitive",20.5560452195835,9,"Acc",4,5.28200000000015
13911181470,"Control",7.81529354676688,9,"Rej",1,4.594
14121140705,"Reflective",7.54652262443571,9,"Acc",1,5.5630000000001
14913151632,"Intuitive",33.6207860851233,9,"Rej",4,4.26500000000033
14913152603,"Intuitive",31.0906104491822,9,"Rej",4,3.922
14921120821,"Intuitive",-7.81529354676687,9,"Acc",9,3.35899999999947
15121450822,"Intuitive",44.8339257418689,9,"Rej",1,3.45300000000043
16111282119,"Intuitive",18.0504191633375,9,"Rej",1,6.21799999999985
16812211317,"Control",37.4824114277185,9,"Rej",4,3.46900000000005
16820181412,"Reflective",16.260204708312,9,"Rej",1,2.75
18111182341,"Reflective",34.8753283446022,9,"Acc",1,3.10900000000038
18151212936,"Reflective",23.8387401831717,9,"Rej",1,4.79699999999957
18151931230,"Control",7.81529354676688,9,"Acc",4,3.29599999999982
18152182413,"Reflective",18.9497879271144,9,"Acc",1,13.594
18912150705,"Reflective",26.8725389916558,9,"Rej",4,4.89000000000033
19111212422,"Intuitive",34.8753283446022,9,"Acc",4,5.96799999999985
19118151208,"Reflective",25.893646994228,9,"Rej",1,3.67199999999957
19201930903,"Control",30.8810786969436,9,"Rej",1,6.578
19203122929,"Intuitive",7.81529354676688,9,"Acc",9,3.5
19212210916,"Reflective",7.81529354676688,9,"Rej",1,12.9369999999999
19216151951,"Reflective",34.8753283446022,9,"Acc",1,16.703
19221290906,"Reflective",10.3851769867767,9,"Acc",1,5.14099999999962
19228152805,"Control",-7.81529354676687,9,"Rej",1,7.48400000000038
20151310935,"Control",34.8753283446022,9,"Rej",1,4.1869999999999
22511122211,"Control",18.028602589613,9,"Rej",1,4.40599999999995
22512210131,"Intuitive",9.73173703332263e-15,9,"Acc",4,8.26599999999962
22910150521,"Reflective",12.3247274341374,9,"Rej",1,5.5
31211153008,"Reflective",-7.81529354676687,9,"Rej",1,3.51599999999962
91911280637,"Intuitive",19.9037495373078,9,"Rej",1,2.984
102111211209,"Intuitive",32.9052429229879,9,"Rej",1,6.5630000000001
102118151706,"Control",-16.260204708312,9,"Acc",6,4.6869999999999
122126212035,"Control",7.81529354676688,9,"Rej",1,10.0160000000005
131511181143,"Intuitive",37.4824114277185,9,"Rej",1,9.1869999999999
191515212537,"Control",10.3851769867767,9,"Rej",1,4.70299999999998
192013211630,"Reflective",23.5899901707433,9,"Rej",1,14.1090000000004
192022152108,"Reflective",7.81529354676688,9,"Rej",1,10.8119999999999
31810627,"Intuitive",18.434948822922,10,"Acc",9,3.01600000000053
38452435,"Intuitive",7.81529354676688,10,"Acc",4,4.625
114251020,"Control",28.4777430083595,10,"Rej",4,6.09400000000005
114251837,"Intuitive",16.260204708312,10,"Acc",4,6.48500000000058
114382235,"Reflective",18.9432630612515,10,"Acc",4,11.531
114811521,"Reflective",7.81529354676688,10,"Acc",4,3.25
114812301,"Intuitive",45,10,"Acc",9,2.32899999999972
115850905,"Intuitive",9.57908233476071e-15,10,"Rej",4,11.5
125290304,"Control",37.4824114277185,10,"Acc",4,5.29700000000048
125812308,"Intuitive",26.8725389916558,10,"Acc",9,6.5630000000001
129692408,"Intuitive",20.7332115674668,10,"Acc",4,8.875
131852625,"Control",11.5346206536447,10,"Rej",4,19.125
135410106,"Intuitive",-5.46187584631396,10,"Acc",9,4.26499999999942
141931012,"Control",35.7617070687069,10,"Acc",4,24.0619999999999
149582652,"Control",33.4325601384009,10,"Acc",9,3.985
161352335,"Control",14.203937953514,10,"Acc",4,11.2029999999995
181652608,"Intuitive",37.0928372970415,10,"Acc",9,3.71900000000005
191850490,"Intuitive",7.81529354676688,10,"Acc",4,5.313
208450435,"Control",7.81529354676688,10,"Acc",4,2.672
208851835,"Control",26.8725389916558,10,"Acc",4,5.54700000000048
251292867,"Control",16.6543063769233,10,"Rej",4,3.938
252652646,"Control",7.81529354676688,10,"Rej",4,4.516
312181449,"Reflective",25.1756871190605,10,"Acc",4,4.78099999999995
316150112,"Reflective",18.1084806779306,10,"Acc",4,9.031
318212509,"Reflective",7.81529354676688,10,"Rej",4,7.13999999999942
381933137,"Reflective",22.9821476918694,10,"Acc",4,9.25
411390749,"Reflective",7.81529354676688,10,"Acc",4,5.70300000000043
411850209,"Reflective",24.6148730721051,10,"Rej",4,6.48499999999967
415791916,"Reflective",12.5533665501306,10,"Acc",4,6.15599999999995
451310607,"Intuitive",7.81529354676688,10,"Rej",4,3.53200000000015
452690537,"Reflective",16.260204708312,10,"Acc",4,6.51599999999962
491931712,"Intuitive",7.81529354676688,10,"Acc",5,9.17100000000028
618492001,"Control",7.81529354676688,10,"Acc",4,3.96900000000005
651010705,"Reflective",23.8387401831717,10,"Rej",4,17.5619999999999
1011891815,"Intuitive",22.5670090778746,10,"Acc",9,6.96900000000005
1012390559,"Intuitive",37.0136158549098,10,"Rej",4,4.10999999999967
1017181538,"Control",37.4824114277185,10,"Acc",4,2.39100000000053
1052310418,"Reflective",37.4824114277185,10,"Rej",4,13.9839999999999
1111560221,"Reflective",28.6104596659652,10,"Rej",4,3.09400000000005
1112691640,"Intuitive",19.942384581697,10,"Rej",4,3.875
1127120906,"Control",34.8753283446022,10,"Acc",9,7.266
1141292605,"Reflective",37.4824114277185,10,"Acc",4,5.35899999999992
1141812844,"Control",7.81529354676688,10,"Acc",4,8.75
1142211220,"Control",37.4824114277185,10,"Acc",4,4.61000000000058
1147180702,"Reflective",7.81529354676688,10,"Acc",8,5.82800000000043
1151890521,"Reflective",7.81529354676688,10,"Acc",4,3.73499999999967
1215811002,"Intuitive",46.7357045889284,10,"Acc",4,5.15599999999995
1241952005,"Reflective",16.260204708312,10,"Acc",4,7.6869999999999
1255140310,"Control",26.8725389916558,10,"Acc",4,5.73399999999947
1311351408,"Intuitive",22.5670090778746,10,"Rej",4,8.85900000000038
1311931911,"Reflective",34.8753283446022,10,"Rej",4,11.4529999999995
1311950105,"Control",7.81529354676688,10,"Acc",4,5.4380000000001
1312182935,"Reflective",9.00850374202517,10,"Acc",4,3.92100000000028
1314252327,"Reflective",45,10,"Acc",4,4.23399999999992
1315852607,"Control",37.0928372970415,10,"Rej",4,3.01600000000053
1317123030,"Intuitive",15.2145409623114,10,"Rej",4,15.094
1351351216,"Intuitive",25.0018116728382,10,"Rej",4,4.92100000000028
1352350311,"Intuitive",-7.81529354676687,10,"Acc",7,5.65599999999995
1391450136,"Intuitive",16.260204708312,10,"Rej",4,2.51599999999962
1391992127,"Control",7.81529354676688,10,"Acc",9,10.5
1392180105,"Intuitive",32.0053832080835,10,"Rej",4,5.328
1411932811,"Control",36.6129676213405,10,"Acc",4,14.375
1412182614,"Control",45,10,"Acc",4,7.35999999999967
1491112569,"Reflective",29.00641590227,10,"Rej",4,8.3130000000001
1491930790,"Control",5.91392904080057,10,"Acc",4,3.34400000000005
1498290124,"Reflective",4.76364169072618,10,"Rej",4,4.125
1499181630,"Reflective",9.8966719676691,10,"Rej",4,5.15599999999995
1512211934,"Control",32.5279020507988,10,"Acc",4,4.39100000000053
1611011405,"Control",34.8753283446022,10,"Rej",4,3.46900000000005
1612181710,"Intuitive",37.0928372970415,10,"Acc",4,2.40700000000015
1681120634,"Control",34.8753283446022,10,"Rej",4,4.6869999999999
1681253002,"Reflective",31.1639506143602,10,"Acc",4,9.78099999999995
1852351249,"Control",23.5899901707433,10,"Rej",4,9.0630000000001
1891852736,"Reflective",13.4778227532413,10,"Acc",4,9.17199999999957
1911930583,"Control",15.6514064538554,10,"Acc",4,11.531
1992613006,"Intuitive",7.81529354676688,10,"Acc",4,6.14099999999962
1998150918,"Intuitive",45,10,"Rej",4,6.8119999999999
1998151281,"Control",7.81529354676688,10,"Rej",4,7.78099999999995
2011930504,"Intuitive",7.81529354676688,10,"Acc",9,4.82800000000043
2081930914,"Intuitive",2.02136494035603,10,"Acc",8,5.6869999999999
2251930306,"Reflective",8.76317912558711,10,"Rej",4,7.9380000000001
2291293135,"Reflective",7.81529354676688,10,"Rej",4,3.67200000000048
2299121632,"Reflective",32.1581037158278,10,"Acc",4,4.875
2516121436,"Intuitive",7.93826452354549,10,"Rej",5,4.46900000000005
2518151857,"Intuitive",-7.81529354676687,10,"Rej",4,3.84400000000005
2519201622,"Reflective",27.2040110760696,10,"Rej",4,30.6559999999999
3819202609,"Intuitive",23.5899901707433,10,"Acc",9,7.98500000000058
4118150609,"Intuitive",-13.0456370629486,10,"Acc",4,9.6880000000001
5122312404,"Control",21.7570972140475,10,"Rej",4,6.1880000000001
6121660921,"Intuitive",7.81529354676688,10,"Acc",4,3.76499999999942
6121852605,"Control",10.3851769867767,10,"Acc",9,2.95399999999972
6181310709,"Intuitive",21.932420948982,10,"Acc",4,3.79700000000003
6181932503,"Control",34.8753283446022,10,"Acc",8,6.3119999999999
6510213074,"Intuitive",5.82180374999988,10,"Rej",4,5.4380000000001
6511291824,"Control",41.0384731174898,10,"Acc",4,23.3130000000001
7519200418,"Reflective",6.59060876814889,10,"Rej",4,5.54700000000048
9121392535,"Control",22.7732156143502,10,"Acc",4,19.7809999999999
10151190635,"Reflective",18.841295056231,10,"Acc",4,2.25
10151310502,"Intuitive",28.6104596659652,10,"Acc",9,2.92200000000048
10151930823,"Control",23.8387401831717,10,"Acc",4,2.765
10151932240,"Control",20.9698255524625,10,"Acc",7,2.95399999999972
10151951431,"Intuitive",7.81529354676688,10,"Acc",9,4.29700000000003
10212152137,"Reflective",7.81529354676688,10,"Acc",4,7.8119999999999
10215130409,"Intuitive",9.57908233476071e-15,10,"Rej",4,4.23499999999967
10510152732,"Intuitive",27.5076754748896,10,"Acc",4,4.84299999999985
10515200349,"Reflective",33.8220852174939,10,"Rej",4,2.89000000000033
10519201421,"Intuitive",16.260204708312,10,"Rej",4,8.23499999999967
11110212226,"Control",12.8243981022352,10,"Acc",4,3.01600000000008
11121141555,"Reflective",7.81529354676688,10,"Acc",4,7.54699999999957
11127182520,"Reflective",30.5977842093342,10,"Acc",4,10.469
11320150220,"Control",12.3247274341374,10,"Rej",4,2.78200000000015
11411290835,"Control",5.82180374999988,10,"Rej",4,6.51599999999962
11414282111,"Intuitive",7.81529354676688,10,"Acc",9,1.36
11419162513,"Reflective",23.8387401831717,10,"Acc",4,5.09400000000005
13110282004,"Control",7.81529354676688,10,"Acc",4,3.57899999999972
13120182311,"Control",7.81529354676688,10,"Acc",4,5.625
13123150365,"Control",7.81529354676688,10,"Acc",8,7.54700000000048
13157180467,"Control",7.81529354676688,10,"Acc",9,3.92100000000028
13516210412,"Intuitive",20.5560452195835,10,"Acc",9,3.54699999999957
13911181470,"Control",7.81529354676688,10,"Acc",4,5.297
14121140705,"Reflective",7.54652262443571,10,"Acc",4,9.21900000000005
14913151632,"Intuitive",33.6207860851233,10,"Acc",9,2.85999999999967
14913152603,"Intuitive",31.0906104491822,10,"Acc",9,7.266
14921120821,"Intuitive",-7.81529354676687,10,"Acc",4,3.07799999999952
15121450822,"Intuitive",44.8339257418689,10,"Rej",4,3.63999999999942
16111282119,"Intuitive",18.0504191633375,10,"Acc",4,6.23500000000058
16812211317,"Control",37.4824114277185,10,"Acc",9,4.34400000000005
16820181412,"Reflective",16.260204708312,10,"Rej",4,2.406
18111182341,"Reflective",34.8753283446022,10,"Acc",4,4.45299999999952
18151212936,"Reflective",23.8387401831717,10,"Acc",4,6.64099999999962
18151931230,"Control",7.81529354676688,10,"Acc",9,2.375
18152182413,"Reflective",18.9497879271144,10,"Acc",4,3.843
18912150705,"Reflective",26.8725389916558,10,"Acc",9,3.20300000000043
19111212422,"Intuitive",34.8753283446022,10,"Rej",1,11.3119999999999
19118151208,"Reflective",25.893646994228,10,"Acc",4,7.46799999999985
19201930903,"Control",30.8810786969436,10,"Acc",4,8.39
19203122929,"Intuitive",7.81529354676688,10,"Acc",4,5.813
19212210916,"Reflective",7.81529354676688,10,"Acc",4,2.78099999999995
19216151951,"Reflective",34.8753283446022,10,"Acc",4,6.90599999999995
19221290906,"Reflective",10.3851769867767,10,"Acc",4,3.35900000000038
19228152805,"Control",-7.81529354676687,10,"Rej",4,8.42100000000028
20151310935,"Control",34.8753283446022,10,"Rej",4,6.36000000000058
22511122211,"Control",18.028602589613,10,"Rej",4,4.5630000000001
22512210131,"Intuitive",9.73173703332263e-15,10,"Acc",9,8.53099999999995
22910150521,"Reflective",12.3247274341374,10,"Acc",4,4.5630000000001
31211153008,"Reflective",-7.81529354676687,10,"Rej",4,19.0630000000001
91911280637,"Intuitive",19.9037495373078,10,"Acc",4,7.765
102111211209,"Intuitive",32.9052429229879,10,"Rej",4,14.4530000000004
102118151706,"Control",-16.260204708312,10,"Acc",4,3.65599999999995
122126212035,"Control",7.81529354676688,10,"Rej",4,10.2030000000004
131511181143,"Intuitive",37.4824114277185,10,"Rej",4,5.375
191515212537,"Control",10.3851769867767,10,"Rej",4,4.21900000000005
192013211630,"Reflective",23.5899901707433,10,"Acc",4,26.1090000000004
192022152108,"Reflective",7.81529354676688,10,"Acc",4,10.5
